Flow ID,pipeline_0_1_dec,pipeline_0_8_dec,pipeline_1_start_dec,pipeline_1_end_dec,pipeline_2_start_dec,pipeline_2_end_dec,pipeline_3_start_dec,pipeline_3_end_dec,srcPort,flow_id_hex,class_number,delta_0_us,delta_1,delta_2,delta_3,Flow Duration Original,pipeline_flow_duration
149.154.175.58 10.0.2.16 443 55962,1129392674,1129398595,1129398605,1129398611,1129398638,1129398651,,,443,0x267e,4,17,6,13,,5851,5868
10.0.2.16 149.154.175.53 39782 443,1129711755,1129718315,1129718385,1129718394,1129718415,1129718427,,,39782,0x4dfc,4,25,9,12,,6469,6494
10.0.2.16 149.154.175.58 49914 443,1129738356,1129743312,1129743354,1129743360,1129743379,1129743389,,,49914,0x37dd,4,29,6,10,,4905,4934
149.154.175.58 10.0.2.16 443 49914,1129738730,1129743837,1129743843,1129743847,1129743866,1129743875,,,443,0x1cd8,4,47,4,9,,5025,5072
149.154.167.151 10.0.2.16 443 54414,1129801049,1129805989,1129806000,1129806007,1129806027,1129806035,,,443,0x4ff7,4,48,7,8,,4899,4947
10.0.2.16 149.154.175.58 37536 443,1129940957,1129981832,1129981902,1129981907,1129981925,1129981933,,,37536,0x6433,4,17,5,8,,40265,40282
10.0.2.16 149.154.175.53 35416 443,1130090787,1130099922,1130099939,1130099944,1130099962,1130099973,,,35416,0x762a,4,21,5,11,,9076,9097
10.0.2.16 149.154.167.151 34984 443,1130112285,1130117637,1130117700,1130117705,1130117723,1130117729,,,34984,0x63a9,4,91,5,6,,5331,5422
149.154.167.151 10.0.2.16 443 38436,1130141858,1130146543,1130146574,1130146578,1130146596,1130146603,,,443,0x4811,4,15,4,7,,4599,4614
149.154.175.53 10.0.2.16 443 36770,1130278163,1130283255,1130283263,1130283267,1130283285,1130283293,,,443,0x426b,4,32,4,8,,5020,5052
10.0.2.16 149.154.167.151 50624 443,1130294814,1130301096,1130301166,1130301170,1130301188,1130301193,,,50624,0x435b,4,25,4,5,,6134,6159
149.154.175.53 10.0.2.16 443 45746,1130499056,1130509898,1130509959,1130509963,1130509980,1130509990,,,443,0x3688,4,24,4,10,,10689,10713
149.154.167.151 10.0.2.16 443 50434,1130517579,1130522298,1130522349,1130522356,1130522375,1130522386,,,443,0x5306,4,29,7,11,,4660,4689
10.0.2.16 149.154.167.151 36574 443,1130545305,1130550967,1130550982,1130550986,1130551004,1130551013,,,36574,0x7d9d,4,49,4,9,,5572,5621
10.0.2.16 149.154.175.58 42916 443,1130831210,1130837113,1130837184,1130837189,1130837207,1130837214,,,42916,0x653a,4,41,5,7,,5722,5763
149.154.175.58 10.0.2.16 443 59246,1130845220,1130852697,1130852768,1130852772,1130852791,1130852799,,,443,0x6cbe,4,17,4,8,,7313,7330
10.0.2.16 149.154.175.58 59246 443,1130844805,1130853022,1130853092,1130853097,1130853115,1130853123,,,59246,0x335c,4,14,5,8,,8092,8106
149.154.167.151 10.0.2.16 443 35622,1130856031,1130860513,1130860584,1130860590,1130860608,1130860618,,,443,0x7343,4,84,6,10,,4334,4418
10.0.2.16 149.154.167.151 35622 443,1130855684,1130861957,1130862000,1130862006,1130862024,1130862035,,,35622,0x1b71,4,59,6,11,,6203,6262
149.154.175.58 10.0.2.16 443 50124,1131397772,1131402710,1131402782,1131402787,1131402805,1131402814,,,443,0x5c6a,4,13,5,9,,4860,4873
149.154.167.151 10.0.2.16 443 60558,1131422489,1131428099,1131428170,1131428175,1131428193,1131428204,,,443,0x5e89,4,29,5,11,,5514,5543
10.0.2.16 149.154.167.151 60558 443,1131422026,1131428582,1131428652,1131428658,1131428676,1131428687,,,60558,0x3a87,4,39,6,11,,6393,6432
149.154.175.58 10.0.2.16 443 56306,1131595363,1131600766,1131600839,1131600862,1131600884,1131600906,,,443,0x43c3,4,22,23,22,,5298,5320
10.0.2.16 149.154.175.58 36074 443,1131604106,1131608773,1131608844,1131608853,1131608871,1131608883,,,36074,0x4eeb,4,100,9,12,,4614,4714
149.154.175.58 10.0.2.16 443 36074,1131603657,1131609135,1131609177,1131609182,1131609200,1131609209,,,443,0x4fc2,4,64,5,9,,5393,5457
149.154.167.151 10.0.2.16 443 41294,1131620635,1131625458,1131625529,1131625536,1131625553,1131625566,,,443,0x331b,4,33,7,13,,4708,4741
10.0.2.16 149.154.167.151 41294 443,1131620184,1131625789,1131625859,1131625864,1131625882,1131625893,,,41294,0x2427,4,102,5,11,,5501,5603
149.154.167.151 10.0.2.16 443 34144,1131894640,1131899344,1131899393,1131899403,1131899422,1131899433,,,443,0x5b52,4,28,10,11,,4705,4733
10.0.2.16 149.154.167.151 34144 443,1131894171,1131901743,1131901754,1131901762,1131901780,1131901791,,,34144,0x1e36,4,23,8,11,,7445,7468
10.0.2.16 149.154.175.58 45828 443,1132000768,1132009549,1132009607,1132009612,1132009630,1132009640,,,45828,0x611e,4,36,5,10,,8702,8738
149.154.167.151 10.0.2.16 443 54084,1132041059,1132045851,1132045922,1132045927,1132045945,1132045954,,,443,0x64b7,4,101,5,9,,4724,4825
10.0.2.16 149.154.167.151 54084 443,1132040596,1132046489,1132046559,1132046564,1132046582,1132046591,,,54084,0x300a,4,37,5,9,,5741,5778
149.154.167.151 10.0.2.16 443 55932,1132075377,1132089900,1132089920,1132089925,1132089943,1132089952,,,443,0x6e40,4,17,5,9,,14300,14317
149.154.175.58 10.0.2.16 443 43372,1132738496,1132742507,1132742579,1132742592,1132742611,1132742626,,,443,0x7ecb,4,10,13,15,,3910,3920
149.154.175.58 10.0.2.16 443 33018,1132755892,1132763412,1132763449,1132763454,1132763472,1132763482,,,443,0x7193,4,17,5,10,,7406,7423
149.154.167.151 10.0.2.16 443 33572,1132766674,1132771587,1132771657,1132771663,1132771681,1132771690,,,443,0x1b62,4,44,6,9,,4787,4831
149.154.175.53 10.0.2.16 443 54740,1132837318,1132847614,1132847685,1132847692,1132847710,1132847721,,,443,0x3535,4,73,7,11,,10232,10305
149.154.167.151 10.0.2.16 443 57344,1132850725,1132855821,1132855891,1132855899,1132855917,1132855926,,,443,0x792a,4,108,8,9,,5007,5115
10.0.2.16 149.154.167.151 57344 443,1132851047,1132856194,1132856217,1132856220,1132856238,1132856246,,,57344,0x18f3,4,45,3,8,,5060,5105
149.154.175.58 10.0.2.16 443 36362,1132860069,1132865439,1132865510,1132865515,1132865533,1132865538,,,443,0x60ca,4,74,5,5,,5295,5369
149.154.167.151 10.0.2.16 443 57960,1132870415,1132875250,1132875262,1132875268,1132875286,1132875292,,,443,0x6f63,4,113,6,6,,4793,4906
10.0.2.16 149.154.167.151 57960 443,1132869949,1132875667,1132875737,1132875743,1132875761,1132875769,,,57960,0x6274,4,62,6,8,,5615,5677
149.154.175.58 10.0.2.16 443 45056,1132903880,1132909278,1132909350,1132909363,1132909383,1132909397,,,443,0x650a,4,47,13,14,,5319,5366
10.0.2.16 149.154.175.58 45056 443,1132904234,1132909781,1132909840,1132909846,1132909864,1132909873,,,45056,0x109e,4,63,6,9,,5457,5520
10.0.2.16 149.154.175.53 45506 443,1133181577,1133187066,1133187106,1133187113,1133187131,1133187142,,,45506,0x3667,4,83,7,11,,5190,5273
149.154.175.58 10.0.2.16 443 34480,1133203429,1133232176,1133232246,1133232252,1133232270,1133232278,,,443,0x2329,4,58,6,8,,28294,28352
149.154.167.151 10.0.2.16 443 50332,1133240032,1133244592,1133244663,1133244670,1133244687,1133244698,,,443,0x49f7,4,32,7,11,,4437,4469
149.154.175.58 10.0.2.16 443 38404,1133380783,1133385798,1133385871,1133385886,1133385905,1133385922,,,443,0x6de0,4,9,15,17,,4925,4934
10.0.2.16 149.154.175.53 57070 443,1133378303,1133397993,1133398011,1133398016,1133398034,1133398043,,,57070,0x5198,4,16,5,9,,19494,19510
149.154.175.53 10.0.2.16 443 57070,1133378616,1133398420,1133398490,1133398494,1133398512,1133398522,,,443,0x7fdb,4,24,4,10,,19489,19513
10.0.2.16 149.154.167.151 55354 443,1133400178,1133405946,1133406016,1133406022,1133406039,1133406049,,,55354,0x4579,4,37,6,10,,5655,5692
10.0.2.16 149.154.167.151 43584 443,1133425380,1133431090,1133431128,1133431132,1133431149,1133431153,,,43584,0x2b05,4,27,4,4,,5649,5676
149.154.167.151 10.0.2.16 443 47808,1133651711,1133656506,1133656517,1133656524,1133656542,1133656552,,,443,0x373c,4,49,7,10,,4730,4779
10.0.2.16 149.154.167.151 47808 443,1133651307,1133656923,1133656993,1133656999,1133657017,1133657023,,,47808,0x1fb0,4,21,6,6,,5494,5515
149.154.175.58 10.0.2.16 443 39774,1133844073,1133932251,1133932275,1133932281,1133932299,1133932309,,,443,0x65e0,4,15,6,10,,86971,86986
149.154.175.58 10.0.2.16 443 54460,1134154873,1134165721,1134165791,1134165798,1134165816,1134165822,,,443,0x2b69,4,100,7,6,,10638,10738
149.154.175.53 10.0.2.16 443 49720,1134167134,1134173317,1134173346,1134173350,1134173368,1134173378,,,443,0x6b2a,4,31,4,10,,6099,6130
149.154.175.58 10.0.2.16 443 46644,1134317317,1134322827,1134322899,1134322909,1134322929,1134322945,,,443,0x71bd,4,30,10,16,,5478,5508
10.0.2.16 149.154.175.58 46644 443,1134316859,1134323230,1134323233,1134323238,1134323256,1134323263,,,46644,0x72cc,4,94,5,7,,6293,6387
149.154.167.151 10.0.2.16 443 37690,1134347136,1134352276,1134352346,1134352352,1134352370,1134352378,,,443,0x3f06,4,9,6,8,,5016,5025
10.0.2.16 149.154.167.151 37690 443,1134346768,1134352625,1134352666,1134352670,1134352688,1134352698,,,37690,0x3b16,4,22,4,10,,5822,5844
149.154.175.53 10.0.2.16 443 59630,1134502634,1134506921,1134506992,1134507000,1134507018,1134507026,,,443,0x5182,4,66,8,8,,4317,4383
10.0.2.16 149.154.175.53 59630 443,1134502172,1134514929,1134514960,1134514966,1134514984,1134514997,,,59630,0x2111,4,67,6,13,,12657,12724
10.0.2.16 149.154.167.151 48386 443,1134516768,1134524267,1134524337,1134524340,1134524358,1134524369,,,48386,0x4e80,4,68,3,11,,7350,7418
149.154.175.58 10.0.2.16 443 48126,1134562852,1134597307,1134597364,1134597373,1134597392,1134597401,,,443,0x72c5,4,9,9,9,,34005,34014
10.0.2.16 149.154.175.58 48126 443,1134562106,1134597688,1134597691,1134597696,1134597714,1134597721,,,48126,0x2cd2,4,17,5,7,,35065,35082
149.154.167.151 10.0.2.16 443 39744,1134605776,1134665385,1134665455,1134665462,1134665480,1134665489,,,443,0x4018,4,43,7,9,,58808,58851
149.154.175.58 10.0.2.16 443 35524,1134901736,1134909173,1134909182,1134909188,1134909206,1134909218,,,443,0x59a2,4,25,6,12,,7369,7394
149.154.167.151 10.0.2.16 443 46214,1134891582,1134927855,1134927925,1134927931,1134927950,1134927960,,,443,0x1f2d,4,19,6,10,,35754,35773
10.0.2.16 149.154.167.151 46214 443,1134892030,1134928205,1134928246,1134928251,1134928269,1134928279,,,46214,0x1af7,4,3,5,10,,35772,35775
149.154.167.151 10.0.2.16 443 48614,1134962370,1134966934,1134966997,1134967004,1134967022,1134967031,,,443,0x61e7,4,39,7,9,,4482,4521
149.154.175.53 10.0.2.16 443 46266,1135441609,1135445861,1135445936,1135445953,1135445971,1135445988,,,443,0x12d8,4,27,17,17,,4250,4277
149.154.175.58 10.0.2.16 443 60270,1135452939,1135461240,1135461312,1135461320,1135461339,1135461344,,,443,0x236e,4,69,8,5,,8187,8256
10.0.2.16 149.154.175.58 60270 443,1135452594,1135473714,1135473785,1135473789,1135473807,1135473817,,,60270,0x2983,4,27,4,10,,20983,21010
10.0.2.16 149.154.175.53 35454 443,1135466587,1135488794,1135488864,1135488868,1135488886,1135488895,,,35454,0x70d3,4,48,4,9,,21972,22020
149.154.175.53 10.0.2.16 443 35454,1135466902,1135489175,1135489180,1135489184,1135489202,1135489211,,,443,0x396f,4,31,4,9,,22006,22037
10.0.2.16 149.154.167.151 45356 443,1135463313,1135507192,1135507263,1135507269,1135507287,1135507292,,,45356,0x3140,4,47,6,5,,43266,43313
149.154.175.58 10.0.2.16 443 45586,1135487126,1135533250,1135533254,1135533259,1135533278,1135533284,,,443,0x5492,4,10,5,6,,45502,45512
10.0.2.16 149.154.175.53 36540 5222,1136031745,1136038639,1136038709,1136038717,1136038735,1136038748,,,36540,0x458c,4,25,8,13,,6801,6826
10.0.2.16 149.154.175.58 33976 443,1136133979,1136139125,1136139161,1136139171,1136139189,1136139203,,,33976,0x3d75,4,27,10,14,,5068,5095
149.154.167.151 10.0.2.16 443 51670,1136201176,1136225639,1136225690,1136225700,1136225718,1136225732,,,443,0x3076,4,46,10,14,,24033,24079
10.0.2.16 149.154.167.151 51670 443,1136201633,1136226098,1136226168,1136226174,1136226192,1136226202,,,51670,0x7acb,4,23,6,10,,24034,24057
10.0.2.16 149.154.167.151 54744 443,1136422823,1136428413,1136428483,1136428488,1136428506,1136428512,,,54744,0x6c0a,4,6,5,6,,5487,5493
10.0.2.16 149.154.167.151 55904 443,1136467840,1136475461,1136475527,1136475533,1136475551,1136475560,,,55904,0x39c9,4,25,6,9,,7547,7572
149.154.175.53 10.0.2.16 5222 54322,1136653075,1136658187,1136658263,1136658271,1136658289,1136658303,,,5222,0x2c5d,4,89,8,14,,5028,5117
149.154.175.58 10.0.2.16 443 59032,1136666740,1136671329,1136671360,1136671367,1136671385,1136671396,,,443,0x10f1,4,35,7,11,,4526,4561
149.154.167.151 10.0.2.16 443 48578,1136688526,1136694704,1136694775,1136694780,1136694798,1136694809,,,443,0x6339,4,38,5,11,,6006,6044
10.0.2.16 149.154.167.151 40580 443,1136725000,1136730906,1136730943,1136730947,1136730965,1136730973,,,40580,0x2eaa,4,73,4,8,,5817,5890
149.154.175.53 10.0.2.16 5222 56996,1136812323,1136825694,1136825766,1136825779,1136825798,1136825811,,,5222,0x5e2f,4,21,13,13,,13121,13142
10.0.2.16 149.154.175.53 56996 5222,1136812019,1136826503,1136826556,1136826562,1136826580,1136826590,,,56996,0x6a04,4,97,6,10,,14365,14462
149.154.167.151 10.0.2.16 443 50746,1136836381,1136841442,1136841465,1136841471,1136841489,1136841498,,,443,0x71c9,4,91,6,9,,4986,5077
10.0.2.15 149.154.175.53 44274 443,1136902775,1136907984,1136908057,1136908070,1136908090,1136908104,,,44274,0x4508,4,86,13,14,,5131,5217
10.0.2.16 149.154.175.53 54608 443,1136976733,1136981574,1136981646,1136981652,1136981669,1136981680,,,54608,0x3233,4,7,6,11,,4701,4708
10.0.2.16 149.154.167.151 54430 443,1137303079,1137308569,1137308640,1137308644,1137308662,1137308672,,,54430,0x33e1,4,43,4,10,,5388,5431
149.154.167.151 10.0.2.16 443 39612,1137293559,1137328323,1137328377,1137328383,1137328401,1137328409,,,443,0x4f01,4,35,6,8,,34283,34318
10.0.2.16 149.154.167.151 39612 443,1137293958,1137330150,1137330221,1137330226,1137330244,1137330253,,,39612,0x4ce0,4,0,5,9,,35669,35669
149.154.175.58 10.0.2.16 443 45536,1137454978,1137459230,1137459302,1137459311,1137459330,1137459343,,,443,0x39f6,4,25,9,13,,4181,4206
149.154.175.53 10.0.2.16 443 49434,1137447386,1137461861,1137461918,1137461922,1137461940,1137461951,,,443,0x4b32,4,21,4,11,,14287,14308
10.0.2.16 149.154.167.151 45464 443,1137441920,1137474227,1137474238,1137474243,1137474264,1137474272,,,45464,0x6c3a,4,32,5,8,,31935,31967
149.154.167.151 10.0.2.16 443 59170,1137745724,1137750992,1137751064,1137751075,1137751094,1137751109,,,443,0x4e2d,4,43,11,15,,5172,5215
10.0.2.16 149.154.167.151 59170 443,1137746091,1137751328,1137751392,1137751398,1137751415,1137751424,,,59170,0x4b90,4,84,6,9,,5144,5228
10.0.2.16 149.154.167.151 59184 443,1137763975,1137788296,1137788352,1137788360,1137788379,1137788389,,,59184,0x592c,4,45,8,10,,23998,24043
149.154.175.58 10.0.2.16 443 35038,1137783475,1137811189,1137811259,1137811262,1137811280,1137811288,,,443,0x2b82,4,0,3,8,,27320,27320
149.154.167.151 10.0.2.16 443 57762,1137812887,1137816777,1137816847,1137816852,1137816870,1137816878,,,443,0x533c,4,33,5,8,,3811,3844
10.0.2.16 149.154.167.151 57762 443,1137812550,1137819350,1137819420,1137819425,1137819443,1137819453,,,57762,0x74b8,4,31,5,10,,6702,6733
149.154.175.53 10.0.2.16 443 47326,1137963850,1137968663,1137968733,1137968742,1137968760,1137968773,,,443,0x19d2,4,18,9,13,,4798,4816
149.154.175.58 10.0.2.16 443 49548,1137977765,1137982752,1137982787,1137982791,1137982809,1137982817,,,443,0x6a99,4,17,4,8,,4920,4937
10.0.2.16 149.154.175.58 49548 443,1137977363,1137983180,1137983250,1137983254,1137983272,1137983282,,,49548,0x1f8d,4,89,4,10,,5703,5792
149.154.167.151 10.0.2.16 443 48188,1137991244,1137995999,1137996065,1137996070,1137996088,1137996097,,,443,0x5cce,4,49,5,9,,4684,4733
149.154.167.151 10.0.2.16 443 59464,1138013933,1138018798,1138018822,1138018828,1138018846,1138018853,,,443,0x2459,4,69,6,7,,4847,4916
10.0.2.16 149.154.167.151 59464 443,1138014278,1138019365,1138019435,1138019439,1138019457,1138019466,,,59464,0x1a37,4,18,4,9,,5017,5035
149.154.167.151 10.0.2.16 443 43072,1138197139,1138202454,1138202494,1138202503,1138202521,1138202534,,,443,0x7a5d,4,21,9,13,,5299,5320
10.0.2.16 149.154.175.58 58090 443,1138192464,1138206712,1138206750,1138206754,1138206772,1138206778,,,58090,0x7df4,4,23,4,6,,14022,14045
149.154.167.151 10.0.2.16 443 42812,1138208216,1138213052,1138213084,1138213090,1138213107,1138213116,,,443,0x309a,4,15,6,9,,4765,4780
149.154.175.53 10.0.2.16 443 44854,1138276042,1138291287,1138291313,1138291321,1138291340,1138291353,,,443,0x2611,4,33,8,13,,15039,15072
149.154.175.53 10.0.2.16 443 51500,1138263714,1138324116,1138324187,1138324192,1138324211,1138324221,,,443,0x504c,4,59,5,10,,59558,59617
149.154.175.53 10.0.2.16 443 44852,1138398367,1138406785,1138406856,1138406863,1138406882,1138406892,,,443,0x16ff,4,32,7,10,,8299,8331
149.154.175.53 10.0.2.16 443 46466,1138462862,1138467825,1138467896,1138467903,1138467920,1138467933,,,443,0x40e0,4,81,7,13,,4856,4937
10.0.2.16 149.154.175.53 46466 443,1138462436,1138468181,1138468217,1138468224,1138468242,1138468253,,,46466,0x4d9a,4,24,7,11,,5657,5681
10.0.2.16 149.154.175.58 40204 443,1138483676,1138488998,1138489015,1138489023,1138489041,1138489052,,,40204,0x313e,4,2,8,11,,5285,5287
149.154.175.53 10.0.2.16 443 47506,1138480217,1138497762,1138497800,1138497805,1138497823,1138497832,,,443,0x7eb1,4,8,5,9,,17331,17339
149.154.167.151 10.0.2.16 443 34236,1138526188,1138532383,1138532454,1138532461,1138532479,1138532492,,,443,0x344a,4,28,7,13,,6057,6085
149.154.167.151 10.0.2.16 443 46824,1139059869,1139101417,1139101488,1139101497,1139101515,1139101527,,,443,0x5856,4,19,9,12,,40692,40711
10.0.2.16 149.154.167.151 46824 443,1139059417,1139101740,1139101810,1139101816,1139101833,1139101842,,,46824,0x7202,4,58,6,9,,41398,41456
149.154.167.151 10.0.2.16 443 58106,1139365222,1139370047,1139370117,1139370123,1139370141,1139370151,,,443,0x54f5,4,1,6,10,,4782,4783
10.0.2.16 149.154.167.151 58106 443,1139364782,1139370413,1139370437,1139370441,1139370459,1139370469,,,58106,0x39f7,4,16,4,10,,5546,5562
10.0.2.16 149.154.175.53 38070 443,1139520860,1139527503,1139527573,1139527577,1139527595,1139527606,,,38070,0x30b5,4,29,4,11,,6605,6634
149.154.175.58 10.0.2.16 443 58906,1139533749,1139538288,1139538358,1139538364,1139538382,1139538392,,,443,0x5ae6,4,92,6,10,,4487,4579
149.154.175.58 10.0.2.16 443 49494,1139560605,1139583634,1139583704,1139583709,1139583727,1139583735,,,443,0x54b3,4,6,5,8,,22664,22670
10.0.2.16 149.154.175.53 55350 443,1139842334,1139848664,1139848711,1139848716,1139848734,1139848741,,,55350,0x638c,4,17,5,7,,6237,6254
149.154.167.151 10.0.2.16 443 50766,1139850611,1139855879,1139855949,1139855955,1139855973,1139855985,,,443,0x4492,4,43,6,12,,5179,5222
10.0.2.16 149.154.167.151 50766 443,1139850912,1139856210,1139856266,1139856270,1139856288,1139856297,,,50766,0x3b83,4,12,4,9,,5218,5230
149.154.175.58 10.0.2.16 443 59444,1139867104,1139871257,1139871327,1139871332,1139871350,1139871360,,,443,0x1449,4,26,5,10,,4087,4113
149.154.167.151 10.0.2.16 443 34224,1139884219,1139889669,1139889739,1139889744,1139889762,1139889769,,,443,0x162e,4,25,5,7,,5291,5316
149.154.175.53 10.0.2.16 443 45636,1140084154,1140089819,1140089889,1140089897,1140089915,1140089926,,,443,0x49c4,4,33,8,11,,5597,5630
149.154.175.53 10.0.2.16 443 42374,1140100475,1140109605,1140109615,1140109619,1140109637,1140109644,,,443,0x6653,4,2,4,7,,9028,9030
10.0.2.16 149.154.167.151 56398 443,1140120347,1140126161,1140126189,1140126194,1140126212,1140126217,,,56398,0x2ac1,4,22,5,5,,5730,5752
149.154.167.151 10.0.2.16 443 51128,1140154040,1140158957,1140159029,1140159034,1140159052,1140159060,,,443,0x38dd,4,59,5,8,,4812,4871
149.154.175.53 10.0.2.16 443 45072,1140529641,1140533816,1140533889,1140533906,1140533925,1140533942,,,443,0x6f6a,4,3,17,17,,4103,4106
149.154.167.151 10.0.2.16 443 33948,1140548482,1140553383,1140553455,1140553462,1140553480,1140553490,,,443,0x544b,4,94,7,10,,4823,4917
10.0.2.16 149.154.167.151 33948 443,1140548036,1140553722,1140553769,1140553775,1140553793,1140553802,,,33948,0x6d33,4,49,6,9,,5599,5648
149.154.175.58 10.0.2.16 443 51806,1140758468,1140764828,1140764899,1140764906,1140764924,1140764933,,,443,0x3c30,4,10,7,9,,6312,6322
149.154.175.53 10.0.2.16 443 36894,1140799164,1140810420,1140810491,1140810496,1140810514,1140810522,,,443,0x733e,4,24,5,8,,11116,11140
149.154.175.58 10.0.2.16 443 39016,1140808024,1140834445,1140834498,1140834504,1140834522,1140834527,,,443,0x55a5,4,0,6,5,,26205,26205
10.0.2.16 149.154.175.58 39016 443,1140807627,1140834883,1140834953,1140834958,1140834976,1140834983,,,39016,0x7dc5,4,2,5,7,,26972,26974
149.154.167.151 10.0.2.16 443 39236,1140842331,1140847342,1140847412,1140847418,1140847436,1140847444,,,443,0x5133,4,33,6,8,,4851,4884
10.0.2.16 149.154.167.151 39236 443,1140842007,1140847707,1140847722,1140847726,1140847744,1140847753,,,39236,0x5c1b,4,52,4,9,,5642,5694
10.0.2.16 149.154.175.58 39012 443,1140884239,1141011114,1141011185,1141011194,1141011212,1141011223,,,39012,0x2fd0,4,16,9,11,,124964,124980
10.0.2.16 149.154.175.53 56358 443,1141215566,1141221673,1141221743,1141221749,1141221768,1141221777,,,56358,0x76ab,4,41,6,9,,5974,6015
10.0.2.16 149.154.167.151 36676 443,1141253149,1141258938,1141259009,1141259014,1141259032,1141259043,,,36676,0x5786,4,40,5,11,,5624,5664
149.154.167.151 10.0.2.16 443 43018,1141281911,1141286951,1141287022,1141287026,1141287045,1141287054,,,443,0x4f0f,4,35,4,9,,4928,4963
10.0.2.16 149.154.167.151 43018 443,1141281485,1141287302,1141287331,1141287335,1141287353,1141287362,,,43018,0x6688,4,3,4,9,,5733,5736
10.0.2.16 149.154.175.58 41996 443,1141736967,1141742175,1141742226,1141742232,1141742249,1141742266,,,41996,0x1b1b,4,18,6,17,,5131,5149
149.154.175.58 10.0.2.16 443 53282,1141788484,1141839323,1141839357,1141839364,1141839382,1141839391,,,443,0x2584,4,33,7,9,,50199,50232
149.154.175.53 10.0.2.16 443 57636,1141976089,1141980999,1141981049,1141981066,1141981086,1141981104,,,443,0x45e5,4,84,17,18,,4882,4966
149.154.175.58 10.0.2.16 443 36938,1141990264,1141994673,1141994743,1141994750,1141994768,1141994776,,,443,0x5e86,4,56,7,8,,4283,4339
10.0.2.16 149.154.175.58 36938 443,1141989930,1142003721,1142003791,1142003795,1142003813,1142003824,,,36938,0x740a,4,1,4,11,,13662,13663
149.154.175.58 10.0.2.16 443 56672,1142383826,1142390081,1142390132,1142390138,1142390155,1142390165,,,443,0x1fbd,4,112,6,10,,6164,6276
10.0.2.16 149.154.175.53 32950 443,1142535602,1142541389,1142541459,1142541464,1142541482,1142541493,,,32950,0x6925,4,23,5,11,,5640,5663
10.0.2.16 149.154.175.58 51084 443,1142573772,1142637653,1142637724,1142637731,1142637749,1142637758,,,51084,0x699a,4,19,7,9,,62862,62881
149.154.167.151 10.0.2.16 443 59326,1142645073,1142650131,1142650188,1142650194,1142650212,1142650223,,,443,0x6731,4,18,6,11,,4998,5016
10.0.2.16 149.154.167.151 59326 443,1142644631,1142650583,1142650653,1142650660,1142650678,1142650688,,,59326,0x6187,4,32,7,10,,5816,5848
149.154.175.58 10.0.2.16 443 36386,1142689870,1142805324,1142805364,1142805376,1142805395,1142805409,,,443,0x4070,4,12,12,14,,113922,113934
149.154.175.53 10.0.2.16 443 32962,1142703674,1142816443,1142816514,1142816517,1142816535,1142816541,,,443,0x5b49,4,135,3,6,,111247,111382
149.154.175.58 10.0.2.16 443 45836,1142884494,1142888557,1142888575,1142888581,1142888599,1142888605,,,443,0x349a,4,56,6,6,,4017,4073
149.154.175.58 10.0.2.15 443 60040,1143070635,1143075801,1143075872,1143075881,1143075899,1143075915,,,443,0x26ca,4,53,9,16,,5050,5103
10.0.2.16 149.154.175.58 48668 443,1143133084,1143143618,1143143628,1143143636,1143143654,1143143667,,,48668,0x3b64,4,0,8,13,,10396,10396
149.154.175.53 10.0.2.16 443 57610,1143152236,1143158921,1143158970,1143158977,1143158996,1143159007,,,443,0x346d,4,77,7,11,,6613,6690
10.0.2.16 149.154.167.151 37564 443,1143166518,1143171736,1143171807,1143171811,1143171829,1143171838,,,37564,0x7225,4,28,4,9,,5109,5137
149.154.167.151 10.0.2.16 443 39952,1143229485,1143234486,1143234545,1143234552,1143234570,1143234580,,,443,0x1376,4,64,7,10,,4917,4981
10.0.2.16 149.154.175.58 38952 443,1143387399,1143392542,1143392613,1143392620,1143392637,1143392648,,,38952,0x2222,4,81,7,11,,5029,5110
149.154.175.53 10.0.2.16 443 33532,1143382524,1143400310,1143400362,1143400365,1143400382,1143400393,,,443,0x2bb7,4,49,3,11,,17548,17597
149.154.175.58 10.0.2.16 443 37748,1143469382,1143552167,1143552188,1143552197,1143552216,1143552228,,,443,0x2d7b,4,21,9,12,,81702,81723
149.154.175.58 10.0.2.16 443 52394,1143613076,1143618553,1143618624,1143618632,1143618650,1143618660,,,443,0x147a,4,33,8,10,,5416,5449
149.154.167.151 10.0.2.16 443 50570,1143676607,1143681398,1143681413,1143681417,1143681435,1143681445,,,443,0x6a47,4,20,4,10,,4725,4745
10.0.2.16 149.154.167.151 50570 443,1143676276,1143681801,1143681871,1143681876,1143681894,1143681899,,,50570,0x5cdb,4,77,5,5,,5470,5547
149.154.167.151 10.0.2.16 443 56146,1143655511,1143700169,1143700239,1143700244,1143700262,1143700271,,,443,0x1ccb,4,63,5,9,,43702,43765
149.154.167.151 10.0.2.16 443 56898,1144077182,1144082068,1144082139,1144082145,1144082163,1144082175,,,443,0x7956,4,48,6,12,,4806,4854
10.0.2.16 149.154.167.151 56898 443,1144076743,1144082404,1144082457,1144082461,1144082479,1144082490,,,56898,0x2ad9,4,19,4,11,,5594,5613
149.154.175.53 10.0.2.16 443 48642,1144496305,1144500598,1144500670,1144500682,1144500701,1144500715,,,443,0x1122,4,20,12,14,,4243,4263
10.0.2.16 149.154.167.151 38176 443,1144506703,1144512360,1144512431,1144512434,1144512452,1144512461,,,38176,0x3c5b,4,50,3,9,,5525,5575
149.154.175.53 10.0.2.16 443 37080,1144505067,1144523820,1144523848,1144523853,1144523871,1144523882,,,443,0x1ef1,4,39,5,11,,18458,18497
10.0.2.16 149.154.175.53 37080 443,1144505385,1144524736,1144524753,1144524759,1144524777,1144524786,,,37080,0x2e57,4,15,6,9,,19048,19063
149.154.175.53 10.0.2.16 443 59244,1144825548,1144829519,1144829558,1144829563,1144829581,1144829590,,,443,0x27b1,4,7,5,9,,3924,3931
10.0.2.16 149.154.167.151 44926 443,1144832199,1144837274,1144837283,1144837287,1144837305,1144837312,,,44926,0x4943,4,70,4,7,,5007,5077
10.0.2.16 149.154.167.151 37598 443,1144854358,1144859955,1144860025,1144860030,1144860048,1144860056,,,37598,0x1ac8,4,39,5,8,,5485,5524
149.154.175.53 10.0.2.16 443 56056,1145263327,1145267970,1145268042,1145268054,1145268072,1145268086,,,443,0x4877,4,12,12,14,,4536,4548
10.0.2.16 149.154.175.53 56056 443,1145264154,1145271375,1145271445,1145271450,1145271468,1145271478,,,56056,0x56cd,4,29,5,10,,7092,7121
10.0.2.16 149.154.175.58 53472 443,1145280061,1145287119,1145287190,1145287194,1145287212,1145287221,,,53472,0x6900,4,17,4,9,,6926,6943
149.154.175.53 10.0.2.16 443 57708,1145276534,1145295670,1145295730,1145295735,1145295753,1145295762,,,443,0x4059,4,49,5,9,,18935,18984
149.154.167.151 10.0.2.16 443 60198,1145271683,1145306683,1145306753,1145306759,1145306776,1145306787,,,443,0x6021,4,0,6,11,,34546,34546
149.154.167.151 10.0.2.16 443 38210,1145525144,1145530137,1145530210,1145530221,1145530240,1145530253,,,443,0x4fd1,4,27,11,13,,4930,4957
10.0.2.16 149.154.167.151 38210 443,1145524703,1145530611,1145530682,1145530687,1145530706,1145530716,,,38210,0x54b6,4,8,5,10,,5751,5759
149.154.167.151 10.0.2.16 443 50714,1145767504,1145772321,1145772381,1145772387,1145772405,1145772415,,,443,0x12cb,4,87,6,10,,4787,4874
10.0.2.16 149.154.167.151 50714 443,1145767084,1145772763,1145772833,1145772838,1145772856,1145772865,,,50714,0x64aa,4,88,5,9,,5559,5647
10.0.2.16 149.154.167.151 41826 443,1145919169,1145933958,1145934029,1145934034,1145934052,1145934063,,,41826,0x30b4,4,79,5,11,,14592,14671
149.154.167.151 10.0.2.16 443 59484,1145954996,1145959804,1145959855,1145959860,1145959879,1145959889,,,443,0x3404,4,7,5,10,,4756,4763
10.0.2.16 149.154.167.151 59484 443,1145954593,1145960238,1145960309,1145960315,1145960333,1145960343,,,59484,0x1af9,4,36,6,10,,5536,5572
149.154.175.58 10.0.2.16 443 54200,1145977431,1146044273,1146044344,1146044354,1146044372,1146044385,,,443,0x2e5e,4,1,10,13,,65915,65916
149.154.175.53 10.0.2.16 443 36948,1146183610,1146189244,1146189314,1146189320,1146189338,1146189350,,,443,0x466c,4,44,6,12,,5575,5619
149.154.175.58 10.0.2.16 443 54958,1146196971,1146211587,1146211653,1146211660,1146211678,1146211689,,,443,0x1af1,4,10,7,11,,14447,14457
149.154.175.53 10.0.2.16 443 54990,1146208961,1146217437,1146217507,1146217511,1146217528,1146217538,,,443,0x4416,4,41,4,10,,8336,8377
149.154.175.58 10.0.2.16 443 55116,1146215105,1146242383,1146242453,1146242458,1146242476,1146242482,,,443,0x76e3,4,63,5,6,,26919,26982
10.0.2.16 149.154.175.53 45838 443,1146650520,1146656359,1146656429,1146656437,1146656455,1146656468,,,45838,0x20a7,4,46,8,13,,5682,5728
149.154.175.58 10.0.2.16 443 58510,1146662666,1146667154,1146667225,1146667230,1146667248,1146667258,,,443,0x40b5,4,105,5,10,,4351,4456
149.154.167.151 10.0.2.16 443 56400,1146686263,1146690919,1146690991,1146690996,1146691014,1146691025,,,443,0x48ce,4,26,5,11,,4600,4626
10.0.2.16 149.154.167.151 56400 443,1146685850,1146691275,1146691297,1146691304,1146691321,1146691333,,,56400,0x6a68,4,97,7,12,,5340,5437
149.154.167.151 10.0.2.16 443 60720,1146712357,1146716905,1146716934,1146716938,1146716957,1146716965,,,443,0x277a,4,102,4,8,,4486,4588
10.0.2.16 149.154.167.151 60720 443,1146711958,1146717463,1146717531,1146717535,1146717553,1146717559,,,60720,0x35e4,4,50,4,6,,5434,5484
149.154.175.53 10.0.2.16 443 60168,1147150125,1147159322,1147159360,1147159377,1147159396,1147159414,,,443,0x2cbb,4,25,17,18,,9199,9224
10.0.2.16 149.154.167.151 57526 443,1147187822,1147193365,1147193435,1147193440,1147193457,1147193467,,,57526,0x6608,4,25,5,10,,5398,5423
10.0.2.16 149.154.167.151 57116 443,1147216815,1147222399,1147222431,1147222435,1147222453,1147222460,,,57116,0x27e9,4,49,4,7,,5592,5641
149.154.175.58 10.0.2.16 443 35422,1147251084,1147343048,1147343112,1147343122,1147343141,1147343154,,,443,0x218c,4,5,10,13,,90816,90821
10.0.2.16 149.154.175.58 51158 443,1147383867,1147389294,1147389364,1147389368,1147389386,1147389395,,,51158,0x4727,4,18,4,9,,5326,5344
149.154.167.151 10.0.2.16 443 60682,1147398783,1147403411,1147403481,1147403487,1147403505,1147403514,,,443,0x46af,4,28,6,9,,4501,4529
10.0.2.16 149.154.167.151 60682 443,1147398472,1147403768,1147403785,1147403789,1147403806,1147403817,,,60682,0x5035,4,90,4,11,,5275,5365
149.154.167.151 10.0.2.16 443 55608,1147673737,1147678785,1147678855,1147678863,1147678881,1147678892,,,443,0x3a6c,4,46,8,11,,4944,4990
10.0.2.16 149.154.167.151 55608 443,1147674122,1147679124,1147679165,1147679170,1147679188,1147679196,,,55608,0x7486,4,33,5,8,,4961,4994
149.154.175.53 10.0.2.16 443 60874,1147667879,1147685670,1147685740,1147685744,1147685762,1147685771,,,443,0x4740,4,9,4,9,,17509,17518
149.154.167.151 10.0.2.16 443 42470,1147694570,1147701161,1147701226,1147701234,1147701253,1147701261,,,443,0x7e47,4,20,8,8,,6521,6541
149.154.175.58 10.0.2.16 443 51280,1147783794,1147788358,1147788379,1147788384,1147788402,1147788413,,,443,0x5e4d,4,33,5,11,,4546,4579
149.154.175.53 10.0.2.16 443 57268,1147930798,1147935453,1147935525,1147935539,1147935559,1147935572,,,443,0x380b,4,0,14,13,,4586,4586
10.0.2.16 149.154.175.53 57268 443,1147930412,1147935812,1147935847,1147935853,1147935871,1147935880,,,57268,0x6d5b,4,10,6,9,,5322,5332
149.154.175.58 10.0.2.16 443 40714,1147949032,1147953414,1147953484,1147953492,1147953510,1147953522,,,443,0x24a6,4,30,8,12,,4329,4359
10.0.2.16 149.154.175.58 40714 443,1147948620,1147958383,1147958453,1147958458,1147958476,1147958487,,,40714,0x7141,4,13,5,11,,9570,9583
149.154.175.53 10.0.2.16 443 57812,1147956346,1147965883,1147965902,1147965907,1147965925,1147965933,,,443,0x6b9b,4,50,5,8,,9453,9503
149.154.167.151 10.0.2.16 443 46258,1147979129,1147983902,1147983972,1147983977,1147983996,1147984006,,,443,0x6c72,4,18,5,10,,4609,4627
10.0.2.16 149.154.167.151 37416 443,1148008992,1148014299,1148014326,1148014331,1148014349,1148014356,,,37416,0x3bd4,4,16,5,7,,5241,5257
149.154.175.53 10.0.2.16 443 55046,1148110101,1148114079,1148114104,1148114113,1148114132,1148114141,,,443,0x3850,4,26,9,9,,3934,3960
10.0.2.16 149.154.175.58 34328 443,1148116092,1148121941,1148122011,1148122016,1148122033,1148122041,,,34328,0x32cc,4,100,5,8,,5798,5898
10.0.2.16 149.154.167.151 53250 443,1148109372,1148136730,1148136766,1148136771,1148136789,1148136796,,,53250,0x3dec,4,39,5,7,,27009,27048
149.154.167.151 10.0.2.16 443 52148,1148164090,1148168901,1148168972,1148168976,1148168994,1148169001,,,443,0x5569,4,39,4,7,,4688,4727
10.0.2.16 149.154.167.151 52148 443,1148163671,1148169245,1148169273,1148169277,1148169295,1148169303,,,52148,0x402b,4,89,4,8,,5492,5581
149.154.175.58 10.0.2.16 443 32984,1148684058,1148689025,1148689096,1148689100,1148689117,1148689127,,,443,0x227f,4,6,4,10,,4930,4936
149.154.167.151 10.0.2.16 443 36872,1148692754,1148697494,1148697564,1148697570,1148697588,1148697599,,,443,0x6e9f,4,12,6,11,,4643,4655
10.0.2.16 149.154.175.53 45288 443,1148816132,1148821585,1148821619,1148821625,1148821643,1148821653,,,45288,0x70f5,4,61,6,10,,5374,5435
10.0.2.16 149.154.175.58 52126 443,1148833789,1148839040,1148839112,1148839117,1148839135,1148839146,,,52126,0x61f9,4,60,5,11,,5159,5219
10.0.2.16 149.154.175.53 50044 443,1148830005,1148847949,1148848019,1148848024,1148848042,1148848051,,,50044,0x7f30,4,50,5,9,,17654,17704
149.154.175.53 10.0.2.16 443 50044,1148830445,1148848302,1148848324,1148848328,1148848346,1148848353,,,443,0x4ff1,4,69,4,7,,17633,17702
149.154.167.151 10.0.2.16 443 41268,1148855537,1148862379,1148862449,1148862454,1148862472,1148862481,,,443,0x14ca,4,49,5,9,,6705,6754
10.0.2.16 149.154.167.151 41268 443,1148855131,1148862742,1148862756,1148862761,1148862779,1148862789,,,41268,0x1e11,4,68,5,10,,7512,7580
149.154.167.151 10.0.2.16 443 48522,1148916658,1148921740,1148921812,1148921827,1148921847,1148921862,,,443,0x6685,4,3,15,15,,4926,4929
10.0.2.16 149.154.167.151 48522 443,1148916214,1148922066,1148922137,1148922143,1148922160,1148922171,,,48522,0x6459,4,23,6,11,,5752,5775
149.154.167.151 10.0.2.16 443 59198,1149239245,1149244297,1149244368,1149244375,1149244393,1149244405,,,443,0x1dc8,4,65,7,12,,4941,5006
10.0.2.16 149.154.167.151 59198 443,1149238918,1149244753,1149244823,1149244829,1149244847,1149244859,,,59198,0x28b8,4,25,6,12,,5750,5775
10.0.2.16 149.154.167.151 47496 443,1149281479,1149290964,1149291034,1149291038,1149291056,1149291062,,,47496,0x63c2,4,41,4,6,,9405,9446
149.154.175.58 10.0.2.16 443 50974,1149318624,1149356262,1149356264,1149356271,1149356289,1149356298,,,443,0x36e7,4,59,7,9,,37227,37286
149.154.175.58 10.0.2.16 443 53082,1149407622,1149412625,1149412642,1149412649,1149412667,1149412677,,,443,0x49f0,4,50,7,10,,4956,5006
10.0.2.16 149.154.175.58 53082 443,1149408350,1149412921,1149412949,1149412954,1149412971,1149412983,,,53082,0x62c8,4,39,5,12,,4582,4621
149.154.175.53 10.0.2.16 443 45666,1149404585,1149425172,1149425209,1149425212,1149425230,1149425236,,,443,0x7bf4,4,69,3,6,,20340,20409
149.154.167.151 10.0.2.16 443 42528,1149435764,1149440423,1149440493,1149440497,1149440515,1149440524,,,443,0x607c,4,53,4,9,,4599,4652
10.0.2.16 149.154.167.151 46002 443,1149469322,1149475127,1149475182,1149475187,1149475205,1149475216,,,46002,0x6adb,4,37,5,11,,5736,5773
149.154.175.53 10.0.2.16 443 33822,1149547040,1149674174,1149674244,1149674248,1149674271,1149674275,,,443,0x234e,4,8,4,4,,125430,125438
149.154.175.58 10.0.2.16 443 36084,1150230599,1150238183,1150238254,1150238266,1150238284,1150238296,,,443,0x2cc9,4,30,12,12,,7537,7567
10.0.2.16 149.154.175.53 51572 443,1150235273,1150241475,1150241486,1150241491,1150241509,1150241516,,,51572,0x701e,4,58,5,7,,6120,6178
149.154.175.53 10.0.2.16 443 51572,1150235708,1150241863,1150241933,1150241938,1150241956,1150241963,,,443,0x2471,4,32,5,7,,6095,6127
10.0.2.16 149.154.167.151 51696 443,1150276098,1150281670,1150281718,1150281722,1150281740,1150281748,,,51696,0x7c32,4,22,4,8,,5524,5546
149.154.175.53 10.0.2.16 443 51566,1150309641,1150392127,1150392156,1150392159,1150392177,1150392183,,,443,0x26a6,4,26,3,6,,81361,81387
149.154.175.53 10.0.2.16 443 48040,1150476632,1150480721,1150480755,1150480766,1150480784,1150480797,,,443,0x6f93,4,22,11,13,,4033,4055
149.154.175.58 10.0.2.16 443 57170,1150490509,1150494268,1150494339,1150494347,1150494365,1150494376,,,443,0x4d27,4,43,8,11,,3638,3681
10.0.2.16 149.154.175.58 57170 443,1150490177,1150498385,1150498431,1150498437,1150498455,1150498462,,,57170,0x7ca4,4,17,6,7,,8116,8133
149.154.167.151 10.0.2.16 443 57054,1150523983,1150529895,1150529966,1150529970,1150529988,1150529999,,,443,0x504a,4,51,4,11,,5809,5860
149.154.167.151 10.0.2.16 443 43900,1150556773,1150561394,1150561464,1150561470,1150561487,1150561496,,,443,0x394e,4,56,6,9,,4547,4603
149.154.175.58 10.0.2.16 443 57200,1150618484,1150741635,1150741708,1150741724,1150741743,1150741757,,,443,0x1ecb,4,51,16,14,,121404,121455
149.154.167.151 10.0.2.16 443 42106,1151023123,1151028014,1151028084,1151028092,1151028110,1151028126,,,443,0x5458,4,89,8,16,,4798,4887
149.154.175.58 10.0.2.16 443 53266,1151325115,1151331305,1151331376,1151331384,1151331401,1151331415,,,443,0x3707,4,44,8,14,,6094,6138
10.0.2.16 149.154.175.58 53266 443,1151325527,1151332692,1151332694,1151332701,1151332719,1151332727,,,53266,0x79ef,4,27,7,8,,7085,7112
149.154.175.53 10.0.2.16 443 39832,1151333800,1151337846,1151337916,1151337922,1151337939,1151337951,,,443,0x73ce,4,60,6,12,,3979,4039
10.0.2.16 149.154.167.151 44474 443,1151345261,1151354210,1151354260,1151354264,1151354282,1151354293,,,44474,0x3c65,4,24,4,11,,8811,8835
149.154.175.58 10.0.2.16 443 58324,1151359012,1151394815,1151394885,1151394891,1151394909,1151394919,,,443,0x608d,4,37,6,10,,35261,35298
10.0.2.16 149.154.175.53 60926 443,1151664798,1151676005,1151676075,1151676079,1151676097,1151676107,,,60926,0x2648,4,5,4,10,,11078,11083
149.154.175.53 10.0.2.16 443 60926,1151665228,1151676447,1151676518,1151676523,1151676541,1151676550,,,443,0x341f,4,57,5,9,,11083,11140
149.154.167.151 10.0.2.16 443 53540,1151719123,1151723880,1151723925,1151723929,1151723947,1151723955,,,443,0x3146,4,0,4,8,,4669,4669
10.0.2.16 149.154.167.151 53540 443,1151718730,1151724491,1151724510,1151724515,1151724532,1151724541,,,53540,0x296b,4,3,5,9,,5654,5657
149.154.175.58 10.0.2.16 443 41962,1151752716,1151842015,1151842034,1151842045,1151842064,1151842075,,,443,0x7d38,4,15,11,11,,88250,88265
149.154.167.151 10.0.2.16 443 54026,1152157825,1152163006,1152163062,1152163069,1152163087,1152163099,,,443,0x3039,4,39,7,12,,5179,5218
10.0.2.16 149.154.167.151 54026 443,1152158128,1152163440,1152163510,1152163516,1152163534,1152163544,,,54026,0x1e79,4,87,6,10,,5176,5263
149.154.167.151 10.0.2.16 443 32996,1152349594,1152354920,1152354991,1152354999,1152355017,1152355027,,,443,0x546b,4,37,8,10,,5221,5258
10.0.2.16 149.154.167.151 32996 443,1152350167,1152355254,1152355296,1152355299,1152355317,1152355325,,,32996,0x509e,4,25,3,8,,5064,5089
149.154.167.151 10.0.2.16 443 36396,1152417274,1152422098,1152422168,1152422174,1152422192,1152422202,,,443,0x1409,4,39,6,10,,4721,4760
149.154.175.53 10.0.2.16 443 57310,1152512006,1152516964,1152517036,1152517048,1152517067,1152517081,,,443,0x6e5b,4,73,12,14,,4895,4968
10.0.2.16 149.154.175.53 57310 443,1152511655,1152517331,1152517351,1152517356,1152517374,1152517385,,,57310,0x6650,4,61,5,11,,5624,5685
149.154.167.151 10.0.2.16 443 51190,1152522173,1152527494,1152527565,1152527572,1152527590,1152527600,,,443,0x6c53,4,42,7,10,,5124,5166
10.0.2.16 149.154.167.151 51190 443,1152522608,1152527816,1152527870,1152527876,1152527893,1152527900,,,51190,0x2692,4,30,6,7,,5128,5158
10.0.2.16 149.154.175.58 55346 443,1152541163,1152583286,1152583300,1152583305,1152583323,1152583332,,,55346,0x53a1,4,0,5,9,,41561,41561
149.154.167.151 10.0.2.16 443 33764,1152586131,1152590415,1152590485,1152590490,1152590508,1152590515,,,443,0x279f,4,86,5,7,,4209,4295
10.0.2.16 149.154.167.151 33764 443,1152585822,1152592289,1152592359,1152592364,1152592382,1152592388,,,33764,0x10ed,4,23,5,6,,6422,6445
10.0.2.16 149.154.175.53 47606 443,1152770859,1152776265,1152776335,1152776340,1152776358,1152776369,,,47606,0x1ce7,4,7,5,11,,5301,5308
149.154.167.151 10.0.2.16 443 53522,1152948538,1152953310,1152953368,1152953374,1152953392,1152953403,,,443,0x72f7,4,3,6,11,,4760,4763
10.0.2.16 149.154.167.151 53522 443,1152948107,1152953744,1152953815,1152953822,1152953840,1152953851,,,53522,0x1eaf,4,24,7,11,,5501,5525
149.154.175.53 10.0.2.16 443 40018,1153195811,1153208200,1153208268,1153208273,1153208291,1153208302,,,443,0x588e,4,62,5,11,,12245,12307
149.154.167.151 10.0.2.16 443 57756,1153222156,1153227032,1153227092,1153227098,1153227116,1153227126,,,443,0x5335,4,63,6,10,,4803,4866
10.0.2.16 149.154.167.151 57756 443,1153221765,1153227467,1153227537,1153227542,1153227559,1153227567,,,57756,0x209a,4,17,5,8,,5542,5559
149.154.167.151 10.0.2.16 443 41580,1153658403,1153663568,1153663639,1153663646,1153663664,1153663672,,,443,0x1303,4,57,7,8,,5013,5070
10.0.2.16 149.154.167.151 41580 443,1153658003,1153664015,1153664085,1153664091,1153664109,1153664120,,,41580,0x535e,4,24,6,11,,5835,5859
149.154.175.58 10.0.2.16 443 47618,1153640400,1153677592,1153677663,1153677666,1153677684,1153677692,,,443,0x7ddc,4,13,3,8,,36666,36679
10.0.2.16 149.154.167.151 36330 443,1153777378,1153805101,1153805126,1153805132,1153805149,1153805157,,,36330,0x29ab,4,3,6,8,,27402,27405
10.0.2.16 149.154.175.58 40248 443,1153785028,1153827234,1153827305,1153827309,1153827327,1153827338,,,40248,0x257b,4,62,4,11,,41707,41769
10.0.2.16 149.154.175.53 55766 443,1153973235,1153978152,1153978226,1153978240,1153978264,1153978281,,,55766,0x73a1,4,27,14,17,,4828,4855
149.154.175.53 10.0.2.16 443 55766,1153972829,1153978483,1153978555,1153978563,1153978581,1153978593,,,443,0x4a0b,4,82,8,12,,5561,5643
10.0.2.16 149.154.175.53 51038 443,1154082565,1154088867,1154088938,1154088945,1154088963,1154088974,,,51038,0x6c20,4,28,7,11,,6201,6229
149.154.167.151 10.0.2.16 443 56198,1154098701,1154102901,1154102972,1154102980,1154102998,1154103009,,,443,0x306b,4,37,8,11,,4141,4178
10.0.2.16 149.154.167.151 56198 443,1154099006,1154106671,1154106742,1154106747,1154106765,1154106774,,,56198,0x3b96,4,81,5,9,,7518,7599
149.154.175.53 10.0.2.16 443 54878,1154115192,1154127346,1154127414,1154127417,1154127436,1154127445,,,443,0x4f6e,4,26,3,9,,12043,12069
10.0.2.16 149.154.175.53 46640 443,1154390633,1154396858,1154396930,1154396935,1154396953,1154396964,,,46640,0x42e1,4,73,5,11,,6124,6197
149.154.175.58 10.0.2.16 443 54452,1154386407,1154405080,1154405151,1154405158,1154405175,1154405189,,,443,0x68d1,4,38,7,14,,18455,18493
149.154.167.151 10.0.2.16 443 55004,1154417660,1154422294,1154422354,1154422360,1154422378,1154422388,,,443,0x386b,4,21,6,10,,4604,4625
10.0.2.16 149.154.167.151 55004 443,1154417246,1154423598,1154423669,1154423674,1154423692,1154423700,,,55004,0x1d8a,4,18,5,8,,6250,6268
10.0.2.16 149.154.175.58 37962 443,1154407115,1154441823,1154441895,1154441901,1154441919,1154441928,,,37962,0x5010,4,14,6,9,,34255,34269
149.154.175.58 10.0.2.16 443 37962,1154407427,1154442193,1154442200,1154442206,1154442223,1154442229,,,443,0x4999,4,3,6,6,,34274,34277
149.154.175.58 10.0.2.16 443 60610,1154463847,1154468811,1154468842,1154468847,1154468866,1154468874,,,443,0x7c1a,4,53,5,8,,4891,4944
10.0.2.16 149.154.175.58 60610 443,1154464268,1154470401,1154470473,1154470478,1154470497,1154470504,,,60610,0x424b,4,28,5,7,,6028,6056
10.0.2.16 149.154.175.53 40412 443,1154846598,1154854295,1154854353,1154854359,1154854378,1154854390,,,40412,0x1705,4,25,6,12,,7604,7629
10.0.2.16 149.154.175.53 33160 443,1154866154,1154883098,1154883113,1154883118,1154883136,1154883144,,,33160,0x2f79,4,32,5,8,,16702,16734
10.0.2.16 149.154.167.151 36794 443,1154887316,1154893026,1154893097,1154893103,1154893121,1154893133,,,36794,0x157c,4,43,6,12,,5588,5631
10.0.2.16 149.154.167.151 32960 443,1154911017,1154916644,1154916699,1154916704,1154916722,1154916731,,,32960,0x75e6,4,89,5,9,,5533,5622
10.0.2.16 149.154.175.58 60488 443,1154944620,1155062220,1155062249,1155062259,1155062277,1155062288,,,60488,0x4b13,4,12,10,11,,115987,115999
149.154.175.53 10.0.2.16 443 53836,1155307945,1155312609,1155312631,1155312642,1155312660,1155312675,,,443,0x191e,4,88,11,15,,4613,4701
10.0.2.16 149.154.167.151 38500 443,1155333096,1155338759,1155338830,1155338835,1155338853,1155338864,,,38500,0x123c,4,44,5,11,,5573,5617
10.0.2.16 149.154.175.58 59734 443,1155321698,1155354380,1155354434,1155354439,1155354457,1155354464,,,59734,0x3dde,4,13,5,7,,32283,32296
149.154.175.58 10.0.2.16 443 54920,1155638007,1155642859,1155642930,1155642934,1155642952,1155642963,,,443,0x28c1,4,22,4,11,,4741,4763
10.0.2.16 149.154.175.58 54920 443,1155637664,1155643211,1155643234,1155643239,1155643256,1155643265,,,54920,0x379d,4,28,5,9,,5494,5522
149.154.167.151 10.0.2.16 443 46700,1155665008,1155669614,1155669654,1155669660,1155669679,1155669688,,,443,0x4373,4,29,6,9,,4537,4566
149.154.175.58 10.0.2.16 443 54926,1155687068,1155726152,1155726223,1155726230,1155726249,1155726261,,,443,0x79f3,4,22,7,12,,38565,38587
149.154.175.58 10.0.2.16 443 39844,1155963236,1155967219,1155967227,1155967245,1155967266,1155967286,,,443,0x38c8,4,14,18,20,,4001,4015
149.154.175.53 10.0.2.16 443 49808,1155967948,1155972827,1155972898,1155972908,1155972925,1155972939,,,443,0x3169,4,32,10,14,,4777,4809
149.154.167.151 10.0.2.16 443 37662,1155999006,1156004179,1156004250,1156004258,1156004276,1156004289,,,443,0x3dd8,4,44,8,13,,5065,5109
10.0.2.16 149.154.175.58 37638 443,1155984830,1156026008,1156026079,1156026085,1156026103,1156026115,,,37638,0x398b,4,6,6,12,,40625,40631
149.154.175.58 10.0.2.16 443 37638,1155985265,1156026462,1156026533,1156026538,1156026556,1156026565,,,443,0x4912,4,71,5,9,,40633,40704
149.154.167.151 10.0.2.16 443 39004,1156032125,1156036899,1156036939,1156036945,1156036963,1156036972,,,443,0x6009,4,36,6,9,,4695,4731
10.0.2.16 149.154.167.151 39004 443,1156031810,1156037315,1156037385,1156037390,1156037408,1156037417,,,39004,0x1cbe,4,68,5,9,,5436,5504
149.154.167.151 10.0.2.16 443 50468,1156340131,1156345182,1156345254,1156345259,1156345277,1156345285,,,443,0x6136,4,37,5,8,,4967,5004
10.0.2.16 149.154.167.151 50468 443,1156339696,1156345510,1156345556,1156345562,1156345580,1156345591,,,50468,0x70fb,4,26,6,11,,5773,5799
10.0.2.16 149.154.167.151 34400 443,1156357629,1156364001,1156364072,1156364077,1156364095,1156364102,,,34400,0x5e45,4,45,5,7,,6342,6387
149.154.175.53 10.0.2.16 443 55388,1156520971,1156525129,1156525203,1156525213,1156525232,1156525241,,,443,0x40a7,4,63,10,9,,4049,4112
149.154.167.151 10.0.2.16 443 41958,1156544129,1156549617,1156549646,1156549653,1156549671,1156549683,,,443,0x19af,4,65,7,12,,5419,5484
10.0.2.16 149.154.167.151 41958 443,1156543732,1156550027,1156550098,1156550104,1156550122,1156550134,,,41958,0x4878,4,15,6,12,,6183,6198
149.154.175.58 10.0.2.16 443 34792,1156531418,1156564209,1156564280,1156564285,1156564302,1156564310,,,443,0x5417,4,69,5,8,,32355,32424
10.0.2.16 149.154.175.58 43770 443,1156569845,1156575490,1156575561,1156575564,1156575582,1156575589,,,43770,0x72d5,4,29,3,7,,5597,5626
149.154.175.58 10.0.2.16 443 43926,1156852295,1156857285,1156857356,1156857362,1156857380,1156857389,,,443,0x5314,4,26,6,9,,4871,4897
10.0.2.16 149.154.175.58 43926 443,1156851945,1156858021,1156858091,1156858096,1156858114,1156858125,,,43926,0x79d2,4,89,5,11,,5951,6040
10.0.2.16 149.154.175.53 33502 443,1156848202,1156866734,1156866756,1156866761,1156866779,1156866787,,,33502,0x13a2,4,70,5,8,,18289,18359
149.154.167.151 10.0.2.16 443 50000,1156920780,1156925678,1156925750,1156925762,1156925781,1156925792,,,443,0x3385,4,82,12,11,,4862,4944
10.0.2.16 149.154.175.58 57064 443,1157405212,1157411861,1157411932,1157411940,1157411958,1157411972,,,57064,0x4234,4,47,8,14,,6556,6603
149.154.175.58 10.0.2.16 443 57064,1157405513,1157412206,1157412243,1157412247,1157412265,1157412274,,,443,0x5508,4,25,4,9,,6602,6627
149.154.167.151 10.0.2.16 443 44902,1157414061,1157418895,1157418898,1157418905,1157418922,1157418932,,,443,0x2c86,4,34,7,10,,4782,4816
149.154.167.151 10.0.2.16 443 57384,1158185170,1158190247,1158190292,1158190314,1158190334,1158190354,,,443,0x5990,4,102,22,20,,5004,5106
149.154.167.151 10.0.2.16 443 47310,1158272538,1158277392,1158277459,1158277466,1158277484,1158277493,,,443,0x5541,4,19,7,9,,4782,4801
10.0.2.16 149.154.167.151 47310 443,1158272190,1158277837,1158277908,1158277914,1158277931,1158277943,,,47310,0x3c29,4,25,6,12,,5569,5594
149.154.175.58 10.0.2.16 443 35914,1158483823,1158488882,1158488953,1158488960,1158488978,1158488991,,,443,0x5639,4,33,7,13,,5030,5063
149.154.167.151 10.0.2.16 443 36582,1158581997,1158591688,1158591732,1158591743,1158591762,1158591774,,,443,0x5ba2,4,31,11,12,,9538,9569
10.0.2.16 149.154.167.151 36582 443,1158581575,1158592119,1158592190,1158592197,1158592215,1158592224,,,36582,0x3bcd,4,57,7,9,,10376,10433
149.154.167.151 10.0.2.16 443 36584,1158582742,1158597324,1158597395,1158597400,1158597418,1158597425,,,443,0x4928,4,62,5,7,,14293,14355
10.0.2.16 149.154.167.151 36584 443,1158582338,1158597671,1158597695,1158597698,1158597716,1158597723,,,36584,0x4a59,4,86,3,7,,15100,15186
149.154.175.58 10.0.2.16 443 47068,1158941733,1158947347,1158947418,1158947425,1158947443,1158947455,,,443,0x6ef9,4,25,7,12,,5469,5494
149.154.167.151 10.0.2.16 443 53452,1158953139,1158957767,1158957826,1158957832,1158957850,1158957860,,,443,0x2e02,4,104,6,10,,4562,4666
10.0.2.16 149.154.167.151 53452 443,1158952568,1158958205,1158958278,1158958283,1158958302,1158958312,,,53452,0x5aa0,4,58,5,10,,5530,5588
149.154.175.58 10.0.2.16 443 47072,1159025068,1159101050,1159101099,1159101106,1159101124,1159101134,,,443,0x5e1e,4,5,7,10,,75026,75031
149.154.175.53 10.0.2.16 443 43590,1159466786,1159471932,1159472004,1159472011,1159472029,1159472041,,,443,0x668a,4,39,7,12,,5044,5083
10.0.2.16 149.154.175.53 43590 443,1159466449,1159472672,1159472743,1159472749,1159472767,1159472777,,,43590,0x4d97,4,91,6,10,,6202,6293
10.0.2.16 149.154.175.58 53520 443,1159485695,1159521635,1159521706,1159521712,1159521730,1159521740,,,53520,0x4810,4,44,6,10,,35433,35477
149.154.167.151 10.0.2.16 443 52220,1159527597,1159532483,1159532554,1159532559,1159532577,1159532585,,,443,0x50d5,4,22,5,8,,4813,4835
10.0.2.16 149.154.175.58 38450 443,1159560656,1159741694,1159741765,1159741772,1159741790,1159741801,,,38450,0x1baa,4,20,7,11,,178539,178559
149.154.175.58 10.0.2.16 443 49366,1159963175,1159968481,1159968554,1159968574,1159968594,1159968615,,,443,0x2d49,4,35,20,21,,5165,5200
10.0.2.16 149.154.167.151 40698 443,1159970694,1159979119,1159979161,1159979167,1159979185,1159979194,,,40698,0x256f,4,33,6,9,,8355,8388
149.154.175.58 10.0.2.16 443 50556,1160199724,1160211326,1160211397,1160211402,1160211420,1160211428,,,443,0x53f8,4,39,5,8,,11470,11509
10.0.2.16 149.154.175.58 56786 443,1160227523,1160261948,1160261989,1160261996,1160262014,1160262025,,,56786,0x6796,4,11,7,11,,33989,34000
149.154.175.58 10.0.2.16 443 56786,1160227847,1160262373,1160262444,1160262450,1160262468,1160262475,,,443,0x4729,4,67,6,7,,33971,34038
149.154.167.151 10.0.2.16 443 39510,1160426440,1160431602,1160431652,1160431659,1160431677,1160431686,,,443,0x63a8,4,31,7,9,,5089,5120
149.154.167.151 10.0.2.16 443 55226,1160619211,1160647833,1160647848,1160647855,1160647873,1160647881,,,443,0x4f5c,4,18,7,8,,28471,28489
10.0.2.16 149.154.167.151 55226 443,1160619787,1160648226,1160648297,1160648303,1160648321,1160648330,,,55226,0x56ea,4,87,6,9,,28283,28370
149.154.167.151 10.0.2.16 443 58672,1160677427,1160682450,1160682494,1160682498,1160682516,1160682526,,,443,0x7fb5,4,18,4,10,,4966,4984
149.154.175.58 10.0.2.16 443 41682,1160890504,1160894692,1160894754,1160894761,1160894779,1160894789,,,443,0x2f00,4,43,7,10,,4159,4202
149.154.175.53 10.0.2.16 443 47384,1160897775,1160901786,1160901849,1160901853,1160901871,1160901877,,,443,0x771e,4,24,4,6,,3966,3990
10.0.2.16 149.154.175.58 55368 443,1160914311,1160934432,1160934440,1160934447,1160934465,1160934477,,,55368,0x6997,4,15,7,12,,19900,19915
149.154.175.58 10.0.2.16 443 55368,1160914714,1160934834,1160934892,1160934896,1160934914,1160934924,,,443,0x2b1b,4,6,4,10,,19929,19935
10.0.2.16 149.154.175.53 38158 443,1160929320,1160953338,1160953409,1160953414,1160953432,1160953440,,,38158,0x2da4,4,14,5,8,,23719,23733
10.0.2.16 149.154.175.53 37712 443,1161046613,1161051242,1161051314,1161051321,1161051340,1161051353,,,37712,0x44fd,4,29,7,13,,4503,4532
149.154.175.53 10.0.2.16 443 37712,1161046208,1161051744,1161051769,1161051775,1161051793,1161051803,,,443,0x5444,4,32,6,10,,5458,5490
149.154.175.58 10.0.2.16 443 38368,1161059950,1161065011,1161065059,1161065063,1161065081,1161065091,,,443,0x2037,4,73,4,10,,5002,5075
10.0.2.16 149.154.175.53 48650 443,1161056195,1161076543,1161076614,1161076619,1161076637,1161076645,,,48650,0x19f5,4,71,5,8,,20077,20148
149.154.175.53 10.0.2.16 443 48650,1161056628,1161076888,1161076918,1161076921,1161076939,1161076944,,,443,0x529a,4,14,3,5,,20061,20075
10.0.2.16 149.154.167.151 50228 443,1161105668,1161112257,1161112328,1161112334,1161112351,1161112362,,,50228,0x53b8,4,51,6,11,,6499,6550
149.154.175.58 10.0.2.16 443 35228,1161572398,1161577668,1161577742,1161577756,1161577775,1161577795,,,443,0x5e6b,4,105,14,20,,5204,5309
10.0.2.16 149.154.175.58 35228 443,1161572965,1161578046,1161578068,1161578075,1161578092,1161578104,,,35228,0x10ac,4,62,7,12,,5028,5090
149.154.167.151 10.0.2.16 443 37984,1161608999,1161613592,1161613664,1161613670,1161613689,1161613698,,,443,0x1f3e,4,33,6,9,,4501,4534
10.0.2.16 149.154.167.151 37984 443,1161608590,1161613967,1161613971,1161613976,1161613995,1161614004,,,37984,0x71c2,4,28,5,9,,5312,5340
10.0.2.16 149.154.167.151 52274 443,1161658445,1161664904,1161664975,1161664981,1161664999,1161665009,,,52274,0x7f0f,4,28,6,10,,6318,6346
149.154.175.53 10.0.2.16 443 51052,1161835336,1161842828,1161842900,1161842907,1161842925,1161842937,,,443,0x296f,4,23,7,12,,7421,7444
149.154.167.151 10.0.2.16 443 36110,1161843433,1161848494,1161848565,1161848573,1161848591,1161848602,,,443,0x3411,4,28,8,11,,4950,4978
10.0.2.16 149.154.167.151 60610 443,1162069132,1162077383,1162077455,1162077461,1162077479,1162077488,,,60610,0x3775,4,11,6,9,,8117,8128
10.0.2.16 149.154.175.58 59824 443,1162086520,1162094040,1162094076,1162094081,1162094099,1162094108,,,59824,0x2dff,4,20,5,9,,7452,7472
149.154.167.151 10.0.2.16 443 60618,1162113402,1162127207,1162127278,1162127283,1162127302,1162127311,,,443,0x7951,4,100,5,9,,13592,13692
149.154.175.58 10.0.2.16 443 43562,1162595385,1162599193,1162599209,1162599223,1162599243,1162599258,,,443,0x1a09,4,27,14,15,,3791,3818
10.0.2.16 149.154.167.151 51944 443,1162603818,1162608993,1162609064,1162609069,1162609088,1162609097,,,51944,0x6e9a,4,25,5,9,,5078,5103
149.154.167.151 10.0.2.16 443 36802,1162852486,1162858154,1162858226,1162858231,1162858249,1162858263,,,443,0x5a7f,4,31,5,14,,5584,5615
149.154.167.151 10.0.2.16 443 55240,1162868200,1162872949,1162873002,1162873008,1162873026,1162873033,,,443,0x2b35,4,28,6,7,,4767,4795
149.154.175.58 10.0.2.16 443 39096,1163611654,1163639949,1163639966,1163639974,1163639991,1163640002,,,443,0x18d9,4,14,8,11,,28101,28115
149.154.167.151 10.0.2.16 443 42740,1163652841,1163657841,1163657912,1163657919,1163657937,1163657951,,,443,0x4cdc,4,58,7,14,,4881,4939
10.0.2.16 149.154.175.53 45528 443,1163703747,1163795876,1163795937,1163795942,1163795960,1163795970,,,45528,0x473d,4,1,5,10,,91252,91253
10.0.2.16 149.154.175.53 54102 443,1163809090,1163825760,1163825810,1163825816,1163825834,1163825843,,,54102,0x5656,4,12,6,9,,16503,16515
149.154.167.151 10.0.2.16 443 44278,1163840839,1163845808,1163845879,1163845884,1163845902,1163845911,,,443,0x540a,4,37,5,9,,4900,4937
10.0.2.16 149.154.167.151 44278 443,1163840485,1163846252,1163846328,1163846332,1163846350,1163846359,,,44278,0x23e9,4,54,4,9,,5696,5750
149.154.175.53 10.0.2.16 443 53378,1163872297,1163932862,1163932935,1163932952,1163932972,1163932986,,,443,0x479e,4,9,17,14,,59997,60006
149.154.175.58 10.0.2.16 443 33692,1164241336,1164250345,1164250417,1164250429,1164250448,1164250462,,,443,0x7653,4,20,12,14,,8941,8961
149.154.167.151 10.0.2.16 443 53098,1164257830,1164263320,1164263339,1164263349,1164263367,1164263381,,,443,0x1d80,4,28,10,14,,5438,5466
10.0.2.16 149.154.175.58 47028 443,1164266311,1164273180,1164273251,1164273258,1164273276,1164273288,,,47028,0x298d,4,68,7,12,,6802,6870
149.154.175.58 10.0.2.16 443 55600,1164756479,1164760522,1164760569,1164760578,1164760596,1164760609,,,443,0x3f27,4,48,9,13,,4021,4069
149.154.167.151 10.0.2.16 443 59552,1164769981,1164774546,1164774617,1164774623,1164774641,1164774654,,,443,0x381e,4,55,6,13,,4462,4517
10.0.2.16 149.154.167.151 59552 443,1164769426,1164774914,1164774922,1164774928,1164774946,1164774953,,,59552,0x7b82,4,81,6,7,,5419,5500
10.0.2.16 149.154.167.151 52828 443,1164800932,1164806551,1164806623,1164806628,1164806646,1164806655,,,52828,0x17fa,4,21,5,9,,5520,5541
149.154.167.151 10.0.2.16 443 35404,1165422115,1165427033,1165427052,1165427060,1165427078,1165427091,,,443,0x2610,4,80,8,13,,4850,4930
149.154.175.53 10.0.2.16 443 36836,1165565432,1165570297,1165570333,1165570342,1165570360,1165570373,,,443,0x555d,4,25,9,13,,4800,4825
10.0.2.16 149.154.175.53 36836 443,1165565108,1165570714,1165570784,1165570789,1165570807,1165570816,,,36836,0x7ed2,4,48,5,9,,5546,5594
149.154.175.58 10.0.2.16 443 40694,1165578890,1165583469,1165583540,1165583543,1165583562,1165583571,,,443,0x2bbf,4,23,3,9,,4517,4540
10.0.2.16 149.154.167.151 41158 443,1165600089,1165606293,1165606327,1165606331,1165606349,1165606356,,,41158,0x1c80,4,1,4,7,,6208,6209
149.154.167.151 10.0.2.16 443 58136,1165637456,1165642088,1165642105,1165642110,1165642127,1165642134,,,443,0x38e7,4,18,5,7,,4558,4576
10.0.2.16 149.154.167.151 58354 443,1165784247,1165805569,1165805606,1165805612,1165805629,1165805638,,,58354,0x486f,4,1,6,9,,21144,21145
10.0.2.16 149.154.167.151 35132 443,1165836934,1165842696,1165842736,1165842740,1165842758,1165842766,,,35132,0x3826,4,39,4,8,,5698,5737
149.154.175.53 10.0.2.16 443 37038,1166029838,1166035039,1166035061,1166035069,1166035087,1166035100,,,443,0x1b44,4,54,8,13,,5148,5202
10.0.2.16 149.154.175.58 34666 443,1166106814,1166115144,1166115216,1166115223,1166115241,1166115254,,,34666,0x7962,4,15,7,13,,8246,8261
149.154.167.151 10.0.2.16 443 40480,1166171023,1166175759,1166175790,1166175795,1166175813,1166175822,,,443,0x7102,4,9,5,9,,4674,4683
10.0.2.16 149.154.167.151 40480 443,1166170618,1166176201,1166176233,1166176238,1166176256,1166176268,,,40480,0x42ed,4,131,5,12,,5515,5646
149.154.175.58 10.0.2.16 443 52922,1166416435,1166422327,1166422385,1166422391,1166422409,1166422422,,,443,0x150c,4,46,6,13,,5859,5905
149.154.167.151 10.0.2.16 443 54756,1166467389,1166473136,1166473167,1166473174,1166473191,1166473198,,,443,0x1aa4,4,4,7,7,,5674,5678
10.0.2.16 149.154.175.53 35694 443,1166936665,1166942734,1166942791,1166942800,1166942818,1166942831,,,35694,0x5390,4,38,9,13,,6013,6051
149.154.175.58 10.0.2.16 443 52380,1167508007,1167512401,1167512464,1167512472,1167512490,1167512503,,,443,0x57cb,4,23,8,13,,4346,4369
149.154.167.151 10.0.2.16 443 59664,1167623089,1167627888,1167627960,1167627969,1167627988,1167628000,,,443,0x5367,4,58,9,12,,4705,4763
149.154.167.151 10.0.2.16 443 60080,1167648518,1167653402,1167653462,1167653467,1167653485,1167653494,,,443,0x3968,4,56,5,9,,4872,4928
10.0.2.16 149.154.175.58 57848 443,1167776969,1167806201,1167806225,1167806230,1167806248,1167806264,,,57848,0x2f3b,4,10,5,16,,28920,28930
149.154.167.151 10.0.2.16 443 44186,1167817205,1167821938,1167822010,1167822014,1167822032,1167822039,,,443,0x5368,4,24,4,7,,4662,4686
10.0.2.16 149.154.167.151 44186 443,1167816779,1167822278,1167822314,1167822317,1167822335,1167822343,,,44186,0x3a90,4,60,3,8,,5424,5484
149.154.175.53 10.0.2.16 443 45110,1167962962,1167966951,1167967001,1167967019,1167967039,1167967057,,,443,0x5d5a,4,18,18,18,,3936,3954
149.154.167.151 10.0.2.16 443 44332,1168000423,1168007012,1168007082,1168007090,1168007108,1168007122,,,443,0x6923,4,3,8,14,,6532,6535
10.0.2.16 149.154.167.151 44332 443,1167999994,1168007460,1168007531,1168007537,1168007555,1168007564,,,44332,0x5615,4,35,6,9,,7322,7357
149.154.167.151 10.0.2.16 443 33410,1168001918,1168025810,1168025881,1168025887,1168025905,1168025914,,,443,0x50a8,4,94,6,9,,23567,23661
149.154.167.151 10.0.2.16 443 41494,1168154343,1168159613,1168159672,1168159678,1168159696,1168159706,,,443,0x34d2,4,22,6,10,,5207,5229
149.154.167.151 10.0.2.16 443 50378,1168217071,1168221734,1168221772,1168221777,1168221795,1168221807,,,443,0x2f40,4,22,5,12,,4600,4622
149.154.167.151 10.0.2.16 443 41710,1168362377,1168367821,1168367858,1168367863,1168367881,1168367889,,,443,0x5914,4,44,5,8,,5413,5457
149.154.175.53 10.0.2.16 443 37320,1168623083,1168628190,1168628255,1168628262,1168628280,1168628293,,,443,0x6c73,4,98,7,13,,5060,5158
149.154.167.151 10.0.2.16 443 39130,1168687204,1168692034,1168692102,1168692107,1168692125,1168692134,,,443,0x4bc2,4,29,5,9,,4778,4807
149.154.167.151 10.0.2.16 443 47918,1169190040,1169194887,1169194916,1169194922,1169194940,1169194953,,,443,0x794a,4,30,6,13,,4792,4822
10.0.2.16 149.154.167.151 47918 443,1169189636,1169195289,1169195360,1169195366,1169195383,1169195394,,,47918,0x7e09,4,22,6,11,,5586,5608
149.154.175.58 10.0.2.16 443 42426,1169170277,1169208241,1169208312,1169208317,1169208335,1169208344,,,443,0x2d55,4,32,5,9,,37637,37669
149.154.167.151 10.0.2.16 443 49018,1169216078,1169220751,1169220822,1169220827,1169220845,1169220852,,,443,0x380c,4,32,5,7,,4612,4644
149.154.175.53 10.0.2.16 443 43268,1169484923,1169489014,1169489070,1169489074,1169489092,1169489103,,,443,0x6394,4,33,4,11,,4052,4085
10.0.2.16 149.154.175.58 45542 443,1169490641,1169496679,1169496750,1169496756,1169496774,1169496785,,,45542,0x12c1,4,53,6,11,,5920,5973
149.154.167.151 10.0.2.16 443 60910,1169509797,1169514623,1169514694,1169514702,1169514719,1169514729,,,443,0x788c,4,28,8,10,,4760,4788
149.154.167.151 10.0.2.16 443 56082,1169530314,1169534533,1169534604,1169534609,1169534627,1169534633,,,443,0x5acf,4,4,5,6,,4104,4108
10.0.2.16 149.154.167.151 56082 443,1169529981,1169536244,1169536315,1169536320,1169536338,1169536346,,,56082,0x7267,4,23,5,8,,6233,6256
149.154.175.58 10.0.2.16 443 48684,1169652602,1169663984,1169663997,1169664000,1169664018,1169664029,,,443,0x1b4b,4,25,3,11,,11321,11346
149.154.175.58 10.0.2.16 443 48664,1169692254,1169712575,1169712646,1169712651,1169712669,1169712677,,,443,0x6814,4,16,5,8,,20095,20111
149.154.167.151 10.0.2.16 443 46422,1170295477,1170302484,1170302494,1170302501,1170302519,1170302531,,,443,0x5152,4,25,7,12,,6923,6948
149.154.175.58 10.0.2.16 443 41646,1170282370,1170324322,1170324393,1170324399,1170324417,1170324426,,,443,0x59e3,4,51,6,9,,41396,41447
149.154.167.151 10.0.2.16 443 35350,1170331803,1170337283,1170337354,1170337361,1170337379,1170337388,,,443,0x62c3,4,24,7,9,,5385,5409
10.0.2.16 149.154.167.151 35350 443,1170331160,1170337724,1170337795,1170337799,1170337817,1170337826,,,35350,0x2cb9,4,18,4,9,,6480,6498
10.0.2.16 149.154.167.151 53200 443,1170351801,1170356775,1170356846,1170356851,1170356869,1170356878,,,53200,0x1eae,4,27,5,9,,4893,4920
10.0.2.16 149.154.175.53 35672 443,1170450202,1170458200,1170458268,1170458273,1170458292,1170458302,,,35672,0x6454,4,14,5,10,,7980,7994
10.0.2.16 149.154.175.58 41736 443,1170466912,1170473712,1170473765,1170473769,1170473786,1170473796,,,41736,0x4e81,4,1,4,10,,6734,6735
149.154.167.151 10.0.2.16 443 48496,1170484789,1170489471,1170489542,1170489546,1170489564,1170489573,,,443,0x3bad,4,18,4,9,,4618,4636
10.0.2.16 149.154.167.151 48496 443,1170484363,1170489778,1170489839,1170489844,1170489862,1170489867,,,48496,0x1750,4,14,5,5,,5349,5363
149.154.167.151 10.0.2.16 443 47388,1170947877,1170952510,1170952581,1170952590,1170952608,1170952621,,,443,0x2bd0,4,52,9,13,,4553,4605
10.0.2.16 149.154.167.151 47388 443,1170947545,1170953099,1170953170,1170953175,1170953193,1170953204,,,47388,0x2a33,4,83,5,11,,5485,5568
149.154.167.151 10.0.2.16 443 40452,1171108918,1171113539,1171113545,1171113549,1171113567,1171113576,,,443,0x73dc,4,24,4,9,,4623,4647
10.0.2.16 149.154.167.151 47224 443,1171142901,1171148344,1171148363,1171148366,1171148384,1171148392,,,47224,0x42d2,4,54,3,8,,5377,5431
149.154.175.58 10.0.2.16 443 55492,1171400419,1171410277,1171410307,1171410314,1171410332,1171410344,,,443,0x7386,4,26,7,12,,9779,9805
10.0.2.16 149.154.167.151 42856 443,1171431363,1171437509,1171437545,1171437551,1171437569,1171437579,,,42856,0x54c9,4,8,6,10,,6130,6138
149.154.175.58 10.0.2.16 443 33998,1171423973,1171447174,1171447234,1171447239,1171447257,1171447267,,,443,0x15d3,4,4,5,10,,22931,22935
10.0.2.16 149.154.167.151 37920 443,1171890697,1171895863,1171895910,1171895914,1171895932,1171895942,,,37920,0x2e25,4,68,4,10,,5116,5184
149.154.175.58 10.0.2.16 443 47492,1171911240,1171919657,1171919728,1171919734,1171919751,1171919763,,,443,0x25e3,4,61,6,12,,8382,8443
149.154.175.53 10.0.2.16 443 36480,1171907850,1171927349,1171927419,1171927424,1171927442,1171927454,,,443,0x1284,4,62,5,12,,19250,19312
149.154.167.151 10.0.2.16 443 52012,1171945884,1171950564,1171950635,1171950642,1171950660,1171950670,,,443,0x1da9,4,47,7,10,,4599,4646
149.154.175.58 10.0.2.16 443 59700,1172509286,1172513560,1172513607,1172513615,1172513632,1172513646,,,443,0x174a,4,12,8,14,,4233,4245
10.0.2.16 149.154.175.58 59700 443,1172510129,1172515564,1172515624,1172515629,1172515646,1172515657,,,59700,0x5533,4,90,5,11,,5451,5541
149.154.167.151 10.0.2.16 443 59386,1172531127,1172536085,1172536100,1172536106,1172536124,1172536133,,,443,0x40e9,4,29,6,9,,4900,4929
10.0.2.16 149.154.167.151 57796 443,1172583151,1172590577,1172590631,1172590635,1172590653,1172590662,,,57796,0x2da6,4,34,4,9,,7341,7375
149.154.167.151 10.0.2.16 443 40744,1172733489,1172774429,1172774484,1172774490,1172774508,1172774518,,,443,0x31b9,4,0,6,10,,40579,40579
149.154.175.58 10.0.2.16 443 59082,1173142745,1173148830,1173148882,1173148890,1173148908,1173148922,,,443,0x179a,4,29,8,14,,6031,6060
149.154.175.53 10.0.2.16 443 51894,1173136897,1173156602,1173156615,1173156618,1173156636,1173156645,,,443,0x5b96,4,7,3,9,,19503,19510
10.0.2.16 149.154.175.58 59460 443,1173681241,1173689370,1173689441,1173689448,1173689466,1173689477,,,59460,0x3d1c,4,7,7,11,,8061,8068
149.154.167.151 10.0.2.16 443 49570,1173893637,1173898490,1173898561,1173898566,1173898584,1173898594,,,443,0x5de2,4,21,5,10,,4731,4752
149.154.167.151 10.0.2.16 443 39198,1173923324,1173928391,1173928460,1173928471,1173928490,1173928501,,,443,0x15e0,4,29,11,11,,5004,5033
149.154.175.58 10.0.2.16 443 57678,1173943919,1174012725,1174012747,1174012757,1174012776,1174012788,,,443,0x6854,4,28,10,12,,68219,68247
10.0.2.16 149.154.167.151 60268 443,1174165309,1174170432,1174170448,1174170453,1174170471,1174170479,,,60268,0x7f3c,4,15,5,8,,5057,5072
149.154.167.151 10.0.2.16 443 36972,1174230790,1174235189,1174235261,1174235267,1174235285,1174235292,,,443,0x2a45,4,26,6,7,,4295,4321
149.154.167.151 10.0.2.16 443 36988,1174300701,1174317047,1174317107,1174317112,1174317130,1174317139,,,443,0x5bc4,4,52,5,9,,16190,16242
149.154.175.53 10.0.2.16 443 59472,1174689371,1174694137,1174694210,1174694223,1174694242,1174694264,,,443,0x2b72,4,17,13,22,,4647,4664
149.154.167.151 10.0.2.16 443 53404,1174727593,1174732032,1174732065,1174732070,1174732088,1174732099,,,443,0x1987,4,84,5,11,,4431,4515
149.154.175.53 10.0.2.16 443 33168,1174944893,1174950354,1174950362,1174950368,1174950386,1174950393,,,443,0x5f21,4,31,6,7,,5419,5450
149.154.167.151 10.0.2.16 443 58704,1174958157,1174962111,1174962183,1174962190,1174962208,1174962221,,,443,0x5ab3,4,66,7,13,,3874,3940
10.0.2.16 149.154.167.151 58704 443,1174959010,1174967081,1174967152,1174967157,1174967175,1174967185,,,58704,0x404d,4,31,5,10,,7980,8011
149.154.175.58 10.0.2.16 443 35946,1175255305,1175259385,1175259428,1175259436,1175259453,1175259466,,,443,0x353b,4,35,8,13,,4034,4069
10.0.2.16 149.154.167.151 45012 443,1175316777,1175322333,1175322370,1175322374,1175322392,1175322399,,,45012,0x5490,4,29,4,7,,5554,5583
149.154.167.151 10.0.2.16 443 59840,1175814307,1175819677,1175819737,1175819750,1175819769,1175819784,,,443,0x1e1b,4,18,13,15,,5353,5371
10.0.2.16 149.154.167.151 59840 443,1175814651,1175820452,1175820471,1175820478,1175820495,1175820505,,,59840,0x2290,4,23,7,10,,5734,5757
149.154.175.53 10.0.2.16 443 41602,1175822249,1175826363,1175826414,1175826420,1175826438,1175826451,,,443,0x6364,4,53,6,13,,4054,4107
10.0.2.16 149.154.175.53 41602 443,1175821826,1175828209,1175828267,1175828274,1175828293,1175828305,,,41602,0x5479,4,23,7,12,,6292,6315
10.0.2.16 149.154.167.151 55270 443,1175884295,1175890739,1175890810,1175890815,1175890833,1175890843,,,55270,0x6a25,4,61,5,10,,6343,6404
149.154.175.58 10.0.2.16 443 34966,1176279618,1176283794,1176283858,1176283869,1176283887,1176283900,,,443,0x2e3e,4,7,11,13,,4135,4142
10.0.2.16 149.154.175.53 53578 443,1176274118,1176284855,1176284870,1176284876,1176284894,1176284906,,,53578,0x6773,4,15,6,12,,10624,10639
10.0.2.16 149.154.175.53 34698 443,1176434355,1176439571,1176439620,1176439628,1176439646,1176439660,,,34698,0x7aef,4,35,8,14,,5158,5193
10.0.2.16 149.154.175.58 39302 443,1176455402,1176463377,1176463392,1176463397,1176463415,1176463425,,,39302,0x1c7c,4,7,5,10,,7937,7944
10.0.2.16 149.154.167.151 46730 443,1176443854,1176478775,1176478846,1176478850,1176478868,1176478876,,,46730,0x1aef,4,11,4,8,,34574,34585
149.154.167.151 10.0.2.16 443 42294,1176497397,1176502087,1176502137,1176502141,1176502159,1176502168,,,443,0x333b,4,23,4,9,,4646,4669
10.0.2.16 149.154.167.151 42294 443,1176496993,1176504897,1176504968,1176504973,1176504991,1176504999,,,42294,0x198a,4,16,5,8,,7777,7793
10.0.2.16 149.154.175.58 59838 443,1176826122,1176831371,1176831443,1176831446,1176831464,1176831473,,,59838,0x5c6b,4,61,3,9,,5122,5183
10.0.2.16 149.154.175.53 53546 443,1177295234,1177300883,1177300954,1177300961,1177300979,1177300987,,,53546,0x2c1f,4,33,7,8,,5546,5579
10.0.2.16 149.154.175.53 46032 443,1177670703,1177678899,1177678969,1177678976,1177678994,1177679005,,,46032,0x76d6,4,68,7,11,,8120,8188
10.0.2.16 149.154.175.58 49092 443,1177684462,1177689678,1177689703,1177689708,1177689725,1177689735,,,49092,0x6d19,4,51,5,10,,5166,5217
149.154.175.53 10.0.2.16 443 60516,1177680672,1177699821,1177699894,1177699897,1177699914,1177699920,,,443,0x4f32,4,10,3,6,,18927,18937
149.154.167.151 10.0.2.16 443 55854,1177704070,1177709722,1177709793,1177709799,1177709817,1177709829,,,443,0x692b,4,32,6,12,,5552,5584
10.0.2.16 149.154.167.151 55854 443,1177703647,1177710040,1177710094,1177710098,1177710116,1177710126,,,55854,0x17ba,4,76,4,10,,6328,6404
149.154.167.151 10.0.2.16 443 56676,1177736694,1177741361,1177741412,1177741417,1177741436,1177741443,,,443,0x3892,4,22,5,7,,4609,4631
149.154.175.53 10.0.2.16 443 60480,1177863664,1177868471,1177868528,1177868537,1177868556,1177868570,,,443,0x4dec,4,3,9,14,,4764,4767
149.154.167.151 10.0.2.16 443 34062,1177885084,1177926623,1177926695,1177926708,1177926727,1177926741,,,443,0x6cde,4,29,13,14,,41128,41157
10.0.2.16 149.154.167.151 34062 443,1177885461,1177927076,1177927147,1177927152,1177927170,1177927181,,,34062,0x24ce,4,15,5,11,,41156,41171
149.154.175.53 10.0.2.16 443 36176,1178396477,1178410490,1178410513,1178410521,1178410539,1178410553,,,443,0x2c0c,4,27,8,14,,13902,13929
149.154.167.151 10.0.2.16 443 50282,1178897932,1178903283,1178903354,1178903365,1178903383,1178903395,,,443,0x36bb,4,44,11,12,,5276,5320
10.0.2.16 149.154.167.151 50282 443,1178898338,1178903729,1178903800,1178903806,1178903824,1178903834,,,50282,0x4cf6,4,32,6,10,,5295,5327
149.154.175.58 10.0.2.16 443 42706,1179002008,1179076265,1179076337,1179076350,1179076368,1179076381,,,443,0x381f,4,17,13,13,,73527,73544
149.154.175.53 10.0.2.16 443 46532,1179247846,1179254053,1179254068,1179254074,1179254092,1179254100,,,443,0x57d6,4,27,6,8,,6138,6165
10.0.2.16 149.154.175.58 54712 443,1179254578,1179267604,1179267676,1179267680,1179267698,1179267711,,,54712,0x5258,4,20,4,13,,12913,12933
149.154.167.151 10.0.2.16 443 49704,1179273540,1179281031,1179281083,1179281091,1179281109,1179281122,,,443,0x27b9,4,29,8,13,,7495,7524
10.0.2.16 149.154.167.151 49704 443,1179273963,1179281455,1179281526,1179281530,1179281548,1179281557,,,49704,0x4687,4,54,4,9,,7443,7497
149.154.167.151 10.0.2.16 443 41172,1179319481,1179325336,1179325409,1179325417,1179325435,1179325446,,,443,0x4836,4,30,8,11,,5755,5785
149.154.167.151 10.0.2.16 443 41178,1179320263,1179343331,1179343336,1179343340,1179343358,1179343364,,,443,0x5abc,4,18,4,6,,22824,22842
10.0.2.16 149.154.167.151 41178 443,1179319839,1179343737,1179343772,1179343776,1179343794,1179343801,,,41178,0x7fa8,4,3,4,7,,23623,23626
149.154.167.151 10.0.2.16 443 41450,1179480983,1179486206,1179486281,1179486287,1179486305,1179486315,,,443,0x4b3c,4,76,6,10,,5125,5201
10.0.2.16 149.154.167.151 41450 443,1179481410,1179486565,1179486580,1179486585,1179486603,1179486610,,,41450,0x4860,4,30,5,7,,5150,5180
149.154.167.151 10.0.2.16 443 39838,1179505293,1179510234,1179510308,1179510313,1179510330,1179510339,,,443,0x1fee,4,37,5,9,,4837,4874
10.0.2.16 149.154.167.151 39838 443,1179504919,1179510580,1179510603,1179510608,1179510626,1179510633,,,39838,0x6994,4,21,5,7,,5591,5612
149.154.175.53 10.0.2.16 443 41802,1179727673,1179737282,1179737353,1179737359,1179737376,1179737385,,,443,0x1f22,4,73,6,9,,9526,9599
149.154.167.151 10.0.2.16 443 37136,1179741587,1179746699,1179746703,1179746709,1179746727,1179746738,,,443,0x5fa5,4,43,6,11,,5051,5094
149.154.175.53 10.0.2.16 443 39890,1180221354,1180226225,1180226301,1180226317,1180226336,1180226355,,,443,0x469c,4,42,16,19,,4769,4811
149.154.167.151 10.0.2.16 443 43742,1180260088,1180265976,1180266040,1180266047,1180266066,1180266078,,,443,0x1358,4,6,7,12,,5819,5825
149.154.167.151 10.0.2.16 443 46454,1180294002,1180298697,1180298731,1180298735,1180298753,1180298761,,,443,0x3250,4,76,4,8,,4700,4776
10.0.2.16 149.154.167.151 46454 443,1180293579,1180299094,1180299165,1180299168,1180299186,1180299194,,,46454,0x3be7,4,17,3,8,,5473,5490
149.154.167.151 10.0.2.16 443 56030,1180670488,1180675374,1180675441,1180675444,1180675462,1180675472,,,443,0x4755,4,90,3,10,,4833,4923
10.0.2.16 149.154.167.151 56030 443,1180670141,1180675806,1180675877,1180675881,1180675898,1180675907,,,56030,0x24d4,4,24,4,9,,5617,5641
149.154.175.58 10.0.2.16 443 36738,1180845544,1180851176,1180851243,1180851248,1180851266,1180851277,,,443,0x5a88,4,30,5,11,,5577,5607
10.0.2.16 149.154.167.151 34442 443,1180856323,1180862035,1180862106,1180862111,1180862129,1180862138,,,34442,0x1c71,4,38,5,9,,5580,5618
149.154.175.58 10.0.2.16 443 60622,1181033119,1181037425,1181037496,1181037506,1181037524,1181037536,,,443,0x5e7e,4,42,10,12,,4231,4273
10.0.2.16 149.154.167.151 54292 443,1181236828,1181252732,1181252795,1181252802,1181252820,1181252829,,,54292,0x3ab9,4,15,7,9,,15743,15758
10.0.2.16 149.154.175.58 43830 443,1181379294,1181391145,1181391216,1181391221,1181391238,1181391248,,,43830,0x2466,4,16,5,10,,11707,11723
10.0.2.16 149.154.175.58 53606 443,1181392991,1181398916,1181398987,1181398992,1181399010,1181399022,,,53606,0x2033,4,8,5,12,,5849,5857
149.154.167.151 10.0.2.16 443 33862,1181403077,1181408110,1181408181,1181408187,1181408205,1181408216,,,443,0x6a61,4,54,6,11,,4904,4958
10.0.2.16 149.154.175.58 51852 443,1181778562,1181786204,1181786282,1181786287,1181786304,1181786316,,,51852,0x613b,4,28,5,12,,7542,7570
10.0.2.16 149.154.175.53 50850 443,1181981273,1181998529,1181998600,1181998607,1181998626,1181998636,,,50850,0x1f25,4,39,7,10,,17137,17176
10.0.2.16 149.154.175.53 33298 443,1182001525,1182010021,1182010092,1182010096,1182010114,1182010123,,,33298,0x576f,4,20,4,9,,8353,8373
149.154.167.151 10.0.2.16 443 52106,1182054096,1182057924,1182057977,1182057982,1182058001,1182058009,,,443,0x5560,4,35,5,8,,3817,3852
10.0.2.16 149.154.175.53 58192 443,1182200277,1182207392,1182207400,1182207410,1182207429,1182207441,,,58192,0x42ba,4,77,10,12,,7091,7168
10.0.2.16 149.154.167.151 49844 443,1182228588,1182234106,1182234177,1182234182,1182234200,1182234210,,,49844,0x6c90,4,0,5,10,,5472,5472
149.154.167.151 10.0.2.16 443 43570,1182420872,1182426157,1182426160,1182426167,1182426185,1182426194,,,443,0x6ec3,4,32,7,9,,5292,5324
149.154.167.151 10.0.2.16 443 40500,1182519335,1182524178,1182524201,1182524209,1182524227,1182524237,,,443,0x615f,4,21,8,10,,4792,4813
10.0.2.16 149.154.167.151 40500 443,1182518912,1182524571,1182524642,1182524647,1182524665,1182524673,,,40500,0x4223,4,25,5,8,,5574,5599
10.0.2.16 149.154.175.53 54756 443,1183026296,1183032066,1183032139,1183032146,1183032164,1183032178,,,54756,0x6f49,4,36,7,14,,5689,5725
149.154.175.58 10.0.2.16 443 44046,1183062515,1183066587,1183066616,1183066624,1183066642,1183066651,,,443,0x7f3f,4,38,8,9,,4024,4062
10.0.2.16 149.154.167.151 35492 443,1183190825,1183196509,1183196580,1183196587,1183196605,1183196617,,,35492,0x63b1,4,25,7,12,,5585,5610
149.154.175.53 10.0.2.16 443 33962,1183393384,1183397376,1183397401,1183397409,1183397427,1183397435,,,443,0x2ae8,4,53,8,8,,3992,4045
149.154.167.151 10.0.2.16 443 44914,1183459243,1183464048,1183464115,1183464121,1183464140,1183464150,,,443,0x3cdb,4,29,6,10,,4791,4820
10.0.2.16 149.154.167.151 44914 443,1183458819,1183464484,1183464555,1183464560,1183464577,1183464586,,,44914,0x1b56,4,77,5,9,,5597,5674
10.0.2.16 149.154.167.151 60806 443,1183602547,1183609498,1183609548,1183609554,1183609572,1183609585,,,60806,0x4b1f,4,48,6,13,,6891,6939
10.0.2.16 149.154.167.151 41208 443,1184026222,1184031445,1184031517,1184031522,1184031540,1184031549,,,41208,0x48a2,4,32,5,9,,5157,5189
149.154.175.53 10.0.2.16 443 49478,1184025498,1184058183,1184058257,1184058261,1184058279,1184058289,,,443,0x5ed3,4,67,4,10,,32281,32348
149.154.167.151 10.0.2.16 443 36774,1184088701,1184095067,1184095137,1184095143,1184095161,1184095171,,,443,0x1ea5,4,43,6,10,,6356,6399
10.0.2.16 149.154.175.58 40268 443,1184316044,1184322702,1184322773,1184322780,1184322799,1184322811,,,40268,0x6ed9,4,57,7,12,,6589,6646
149.154.167.151 10.0.2.16 443 39330,1184338685,1184343073,1184343137,1184343145,1184343163,1184343173,,,443,0x5ffe,4,108,8,10,,4352,4460
10.0.2.16 149.154.175.58 47136 443,1184343789,1184350296,1184350367,1184350373,1184350390,1184350400,,,47136,0x3ad0,4,27,6,10,,6386,6413
149.154.175.58 10.0.2.16 443 59910,1184625138,1184629668,1184629677,1184629689,1184629709,1184629725,,,443,0x46d3,4,24,12,16,,4470,4494
10.0.2.16 149.154.175.58 59910 443,1184624656,1184630064,1184630132,1184630137,1184630155,1184630165,,,59910,0x1377,4,26,5,10,,5404,5430
149.154.175.58 10.0.2.16 443 46666,1185090344,1185095513,1185095545,1185095551,1185095569,1185095581,,,443,0x37b0,4,96,6,12,,5112,5208
10.0.2.16 149.154.175.53 55420 443,1185098789,1185104459,1185104485,1185104490,1185104508,1185104520,,,55420,0x7c0c,4,81,5,12,,5610,5691
149.154.175.58 10.0.2.16 443 42020,1185117426,1185157119,1185157191,1185157196,1185157214,1185157223,,,443,0x37a4,4,6,5,9,,39201,39207
149.154.167.151 10.0.2.16 443 41606,1185163927,1185168874,1185168934,1185168940,1185168957,1185168970,,,443,0x3faa,4,22,6,13,,4907,4929
10.0.2.16 149.154.167.151 41606 443,1185163520,1185169304,1185169375,1185169379,1185169397,1185169404,,,41606,0x116a,4,23,4,7,,5694,5717
10.0.2.16 149.154.167.151 37958 443,1185586786,1185592737,1185592808,1185592815,1185592834,1185592844,,,37958,0x773b,4,52,7,10,,5923,5975
10.0.2.16 149.154.175.53 39396 443,1185617874,1185629973,1185630044,1185630050,1185630069,1185630080,,,39396,0x754f,4,47,6,11,,11949,11996
149.154.175.53 10.0.2.16 443 39396,1185618291,1185630719,1185630773,1185630779,1185630797,1185630806,,,443,0x75da,4,5,6,9,,12312,12317
149.154.175.53 10.0.2.16 443 34770,1185862557,1185867354,1185867428,1185867442,1185867461,1185867477,,,443,0x4e23,4,40,14,16,,4711,4751
10.0.2.16 149.154.175.53 34770 443,1185862146,1185868103,1185868165,1185868173,1185868191,1185868202,,,34770,0x77d3,4,19,8,11,,5894,5913
149.154.167.151 10.0.2.16 443 51120,1185870262,1185902490,1185902562,1185902567,1185902584,1185902595,,,443,0x7b65,4,10,5,11,,31783,31793
149.154.175.58 10.0.2.16 443 43834,1186016120,1186020453,1186020501,1186020517,1186020537,1186020551,,,443,0x688b,4,61,16,14,,4306,4367
149.154.167.151 10.0.2.16 443 41562,1186067122,1186072053,1186072100,1186072107,1186072125,1186072136,,,443,0x50b2,4,44,7,11,,4865,4909
10.0.2.16 149.154.167.151 41562 443,1186066727,1186072470,1186072541,1186072546,1186072564,1186072572,,,41562,0x649a,4,27,5,8,,5661,5688
10.0.2.16 149.154.175.53 60628 443,1186402635,1186408591,1186408598,1186408605,1186408622,1186408632,,,60628,0x60da,4,53,7,10,,5891,5944
10.0.2.16 149.154.167.151 37796 443,1186436068,1186441726,1186441797,1186441802,1186441820,1186441829,,,37796,0x3280,4,21,5,9,,5577,5598
149.154.175.58 10.0.2.16 443 55482,1186850112,1186856483,1186856556,1186856568,1186856587,1186856602,,,443,0x358b,4,60,12,15,,6309,6369
149.154.175.58 10.0.2.16 443 42152,1187215553,1187225589,1187225661,1187225673,1187225692,1187225708,,,443,0x6f39,4,30,12,16,,9900,9930
149.154.167.151 10.0.2.16 443 58866,1187570106,1187605324,1187605334,1187605340,1187605358,1187605367,,,443,0x73a6,4,3,6,9,,34832,34835
10.0.2.16 149.154.167.151 33322 443,1187653912,1187659548,1187659601,1187659605,1187659623,1187659634,,,33322,0x65df,4,13,4,11,,5571,5584
149.154.175.58 10.0.2.16 443 42640,1188037452,1188042823,1188042894,1188042901,1188042919,1188042932,,,443,0x4ef5,4,33,7,13,,5287,5320
149.154.175.53 10.0.2.16 443 36478,1188047920,1188052786,1188052800,1188052806,1188052823,1188052832,,,443,0x2e70,4,69,6,9,,4838,4907
149.154.167.151 10.0.2.16 443 39870,1188079856,1188084938,1188085009,1188085016,1188085034,1188085046,,,443,0x7cec,4,32,7,12,,5002,5034
10.0.2.16 149.154.167.151 39870 443,1188079454,1188085296,1188085310,1188085316,1188085334,1188085345,,,39870,0x7d1f,4,78,6,11,,5772,5850
149.154.175.58 10.0.2.16 443 40158,1188067146,1188102917,1188102977,1188102983,1188103001,1188103010,,,443,0x7bf2,4,6,6,9,,35377,35383
149.154.167.151 10.0.2.16 443 40408,1188110033,1188115073,1188115138,1188115143,1188115161,1188115170,,,443,0x6f30,4,44,5,9,,4978,5022
10.0.2.16 149.154.167.151 40408 443,1188109695,1188115506,1188115578,1188115583,1188115600,1188115608,,,40408,0x5216,4,92,5,8,,5753,5845
149.154.167.151 10.0.2.16 443 41348,1188413824,1188418345,1188418416,1188418423,1188418440,1188418451,,,443,0x7cb0,4,22,7,11,,4511,4533
149.154.167.151 10.0.2.16 443 53028,1188644161,1188672602,1188672662,1188672669,1188672687,1188672696,,,443,0x490e,4,30,7,9,,28178,28208
10.0.2.16 149.154.167.151 58846 443,1188700476,1188776587,1188776660,1188776668,1188776686,1188776692,,,58846,0x78e6,4,10,8,6,,75292,75302
149.154.167.151 10.0.2.16 443 58846,1188701205,1188777192,1188777243,1188777249,1188777267,1188777276,,,443,0x32c0,4,16,6,9,,75214,75230
149.154.175.58 10.0.2.16 443 37218,1188883266,1188889069,1188889140,1188889143,1188889161,1188889171,,,443,0x7d3f,4,73,3,10,,5725,5798
149.154.167.151 10.0.2.16 443 33940,1188917835,1188925313,1188925386,1188925399,1188925419,1188925433,,,443,0x17f3,4,109,13,14,,7359,7468
10.0.2.16 149.154.167.151 56988 443,1189571645,1189578253,1189578328,1189578334,1189578352,1189578363,,,56988,0x7ca8,4,74,6,11,,6483,6557
149.154.167.151 10.0.2.16 443 56636,1190118567,1190123233,1190123305,1190123313,1190123331,1190123345,,,443,0x4caf,4,32,8,14,,4605,4637
10.0.2.16 149.154.167.151 56636 443,1190118138,1190123556,1190123610,1190123616,1190123634,1190123645,,,56636,0x616f,4,5,6,11,,5354,5359
149.154.167.151 10.0.2.16 443 60060,1190182003,1190187069,1190187141,1190187147,1190187165,1190187175,,,443,0x780e,4,49,6,10,,4941,4990
149.154.175.58 10.0.2.16 443 35404,1190704770,1190709829,1190709904,1190709925,1190709945,1190709963,,,443,0x60e3,4,11,21,18,,4971,4982
149.154.167.151 10.0.2.16 443 37320,1190727561,1190732638,1190732709,1190732715,1190732733,1190732740,,,443,0x5161,4,43,6,7,,4997,5040
149.154.167.151 10.0.2.16 443 38806,1191040781,1191045776,1191045795,1191045803,1191045821,1191045831,,,443,0x1386,4,27,8,10,,4937,4964
149.154.167.151 10.0.2.16 443 34690,1191766135,1191772514,1191772573,1191772578,1191772596,1191772604,,,443,0x44b4,4,93,5,8,,6304,6397
10.0.2.16 149.154.167.151 34690 443,1191765745,1191772939,1191773010,1191773013,1191773032,1191773037,,,34690,0x6de9,4,30,3,5,,7093,7123
149.154.175.58 10.0.2.16 443 39718,1191935715,1191940978,1191940997,1191941010,1191941030,1191941045,,,443,0x72df,4,87,13,15,,5211,5298
149.154.167.151 10.0.2.16 443 60850,1191965865,1191970537,1191970582,1191970590,1191970608,1191970622,,,443,0x6d6d,4,33,8,14,,4610,4643
