timestamp,flow_id_hex,pipeline_0_1,pipeline_0_8,pipeline_1_start,pipeline_1_end,pipeline_3_start,pipeline_3_end,pipeline_2_start,pipeline_2_end,pipeline_0_1_dec,pipeline_0_8_dec,pipeline_1_start_dec,pipeline_1_end_dec,pipeline_2_start_dec,pipeline_2_end_dec,pipeline_3_start_dec,pipeline_3_end_dec,delta_0_ms,delta_1,delta_2
2026-02-01T18:47:55.286159Z,0x31e3,0xb4575bd2,0xb45765e9,0xb457663a,0xb457665d,0x0,0x0,0xb4576682,0xb457669a,3025624018,3025626601,3025626682,3025626717,3025626754,3025626778,0,0,2.583,35,24
2026-02-01T18:47:56.243943Z,0x46d1,0xb46790b0,0xb467992f,0xb467997b,0xb467998a,0x0,0x0,0xb46799ab,0xb46799b9,3026686128,3026688303,3026688379,3026688394,3026688427,3026688441,0,0,2.175,15,14
2026-02-01T18:47:57.791838Z,0x34dd,0xb477c11e,0xb477d33e,0xb477d367,0xb477d372,0x0,0x0,0xb477d393,0xb477d3a0,3027747102,3027751742,3027751783,3027751794,3027751827,3027751840,0,0,4.64,11,13
2026-02-01T18:47:58.746243Z,0x446b,0xb487f5cb,0xb4880667,0xb4880678,0xb4880683,0x0,0x0,0xb48806a3,0xb48806ad,3028809163,3028813415,3028813432,3028813443,3028813475,3028813485,0,0,4.252,11,10
2026-02-01T18:47:59.708719Z,0x1be0,0xb4982ec5,0xb4983e39,0xb4983e82,0xb4983e8b,0x0,0x0,0xb4983ea9,0xb4983eb1,3029872325,3029876281,3029876354,3029876363,3029876393,3029876401,0,0,3.956,9,8
2026-02-01T18:48:00.667573Z,0x6f6f,0xb4a8631c,0xb4a870f1,0xb4a8713c,0xb4a87145,0x0,0x0,0xb4a87161,0xb4a8716a,3030934300,3030937841,3030937916,3030937925,3030937953,3030937962,0,0,3.541,9,9
2026-02-01T18:48:01.627473Z,0x3cf3,0xb4b8af51,0xb4b8c5a3,0xb4b8c5ed,0xb4b8c5f9,0x0,0x0,0xb4b8c615,0xb4b8c622,3032002385,3032008099,3032008173,3032008185,3032008213,3032008226,0,0,5.714,12,13
2026-02-01T18:48:03.161264Z,0x19d3,0xb4c8e3e1,0xb4c8f878,0xb4c8f87f,0xb4c8f888,0x0,0x0,0xb4c8f8a4,0xb4c8f8ae,3033064417,3033069688,3033069695,3033069704,3033069732,3033069742,0,0,5.271,9,10
2026-02-01T18:48:04.116399Z,0x70a,0xb4d918a2,0xb4d92a41,0xb4d92a8b,0xb4d92a93,0x0,0x0,0xb4d92aae,0xb4d92ab8,3034126498,3034131009,3034131083,3034131091,3034131118,3034131128,0,0,4.511,8,10
2026-02-01T18:48:05.076063Z,0x7bca,0xb4e94926,0xb4e959d5,0xb4e95a1e,0xb4e95a27,0x0,0x0,0xb4e95a42,0xb4e95a4c,3035187494,3035191765,3035191838,3035191847,3035191874,3035191884,0,0,4.271,9,10
2026-02-01T18:48:06.030479Z,0x3713,0xb4f9915c,0xb4f99c68,0xb4f99cb0,0xb4f99cba,0x0,0x0,0xb4f99cd4,0xb4f99cdc,3036254556,3036257384,3036257456,3036257466,3036257492,3036257500,0,0,2.828,10,8
2026-02-01T18:48:06.983971Z,0x282a,0xb509cdbe,0xb509d760,0xb509d7a9,0xb509d7b4,0x0,0x0,0xb509d7ce,0xb509d7d7,3037318590,3037321056,3037321129,3037321140,3037321166,3037321175,0,0,2.466,11,9
2026-02-01T18:48:07.935943Z,0x150d,0xb51a0a99,0xb51a146c,0xb51a1494,0xb51a149b,0x0,0x0,0xb51a14b3,0xb51a14bb,3038382745,3038385260,3038385300,3038385307,3038385331,3038385339,0,0,2.515,7,8
2026-02-01T18:48:09.479190Z,0x5262,0xb52a4e8e,0xb52a5746,0xb52a5790,0xb52a579a,0x0,0x0,0xb52a57b1,0xb52a57b9,3039448718,3039450950,3039451024,3039451034,3039451057,3039451065,0,0,2.232,10,8
2026-02-01T18:48:10.431907Z,0x578,0xb53a8340,0xb53a9b6d,0xb53a9bb5,0xb53a9bbf,0x0,0x0,0xb53a9bd5,0xb53a9be0,3040510784,3040516973,3040517045,3040517055,3040517077,3040517088,0,0,6.189,10,11
2026-02-01T18:48:11.388753Z,0x144b,0xb54ad785,0xb54aedd3,0xb54aedf9,0xb54aee03,0x0,0x0,0xb54aee19,0xb54aee22,3041580933,3041586643,3041586681,3041586691,3041586713,3041586722,0,0,5.71,10,9
2026-02-01T18:48:12.348092Z,0x6401,0xb55b13aa,0xb55b2590,0xb55b25d1,0xb55b25da,0x0,0x0,0xb55b25ef,0xb55b25fa,3042644906,3042649488,3042649553,3042649562,3042649583,3042649594,0,0,4.582,9,11
2026-02-01T18:48:13.300098Z,0x371d,0xb56b5bcd,0xb56b7588,0xb56b75ce,0xb56b75d9,0x0,0x0,0xb56b75ee,0xb56b75f8,3043711949,3043718536,3043718606,3043718617,3043718638,3043718648,0,0,6.587,11,10
2026-02-01T18:48:14.838660Z,0x4917,0xb57b981f,0xb57bb126,0xb57bb143,0xb57bb14c,0x0,0x0,0xb57bb160,0xb57bb168,3044775967,3044782374,3044782403,3044782412,3044782432,3044782440,0,0,6.407,9,8
2026-02-01T18:48:15.796118Z,0x39e9,0xb58bd898,0xb58be82a,0xb58be873,0xb58be87b,0x0,0x0,0xb58be88f,0xb58be898,3045841048,3045845034,3045845107,3045845115,3045845135,3045845144,0,0,3.986,8,9
2026-02-01T18:48:16.750981Z,0x18c6,0xb59c24b3,0xb59c326e,0xb59c32b7,0xb59c32bf,0x0,0x0,0xb59c32d4,0xb59c32dd,3046909107,3046912622,3046912695,3046912703,3046912724,3046912733,0,0,3.515,8,9
2026-02-01T18:48:17.714560Z,0x5f4d,0xb5ac6cda,0xb5ac7b6f,0xb5ac7b7a,0xb5ac7b87,0x0,0x0,0xb5ac7b9c,0xb5ac7ba6,3047976154,3047979887,3047979898,3047979911,3047979932,3047979942,0,0,3.733,13,10
2026-02-01T18:48:18.670356Z,0x74e7,0xb5bc9db0,0xb5bcaad3,0xb5bcab1e,0xb5bcab2a,0x0,0x0,0xb5bcab3f,0xb5bcab4a,3049037232,3049040595,3049040670,3049040682,3049040703,3049040714,0,0,3.363,12,11
2026-02-01T18:48:19.626325Z,0x3897,0xb5ccd22f,0xb5cce813,0xb5cce82f,0xb5cce83a,0x0,0x0,0xb5cce84f,0xb5cce85b,3050099247,3050104851,3050104879,3050104890,3050104911,3050104923,0,0,5.604,11,12
2026-02-01T18:48:21.245476Z,0x41e5,0xb5dd1279,0xb5dd271a,0xb5dd2765,0xb5dd276f,0x0,0x0,0xb5dd2783,0xb5dd278f,3051164281,3051169562,3051169637,3051169647,3051169667,3051169679,0,0,5.281,10,12
2026-02-01T18:48:22.204500Z,0x3eb3,0xb5ed37b8,0xb5ed53e1,0xb5ed541e,0xb5ed5428,0x0,0x0,0xb5ed543c,0xb5ed5447,3052222392,3052229601,3052229662,3052229672,3052229692,3052229703,0,0,7.209,10,11
2026-02-01T18:48:23.160119Z,0x55c2,0xb5fd7021,0xb5fd8aec,0xb5fd8b35,0xb5fd8b3e,0x0,0x0,0xb5fd8b52,0xb5fd8b5b,3053285409,3053292268,3053292341,3053292350,3053292370,3053292379,0,0,6.859,9,9
2026-02-01T18:48:24.116046Z,0x28c9,0xb60db8b9,0xb60dccd1,0xb60dccf9,0xb60dcd02,0x0,0x0,0xb60dcd17,0xb60dcd21,3054352569,3054357713,3054357753,3054357762,3054357783,3054357793,0,0,5.144,9,10
2026-02-01T18:48:25.072447Z,0x79dd,0xb61e0065,0xb61e132c,0xb61e1362,0xb61e136b,0x0,0x0,0xb61e1380,0xb61e138b,3055419493,3055424300,3055424354,3055424363,3055424384,3055424395,0,0,4.807,9,11
2026-02-01T18:48:26.024136Z,0x6ec9,0xb62e40ba,0xb62e4be9,0xb62e4c1d,0xb62e4c26,0x0,0x0,0xb62e4c3a,0xb62e4c44,3056484538,3056487401,3056487453,3056487462,3056487482,3056487492,0,0,2.863,9,10
2026-02-01T18:48:27.637520Z,0x1dcb,0xb63e6d98,0xb63e778a,0xb63e77d4,0xb63e77df,0x0,0x0,0xb63e77f3,0xb63e77fe,3057544600,3057547146,3057547220,3057547231,3057547251,3057547262,0,0,2.546,11,11
2026-02-01T18:48:28.596275Z,0x91f,0xb64e9a70,0xb64ea4f4,0xb64ea53d,0xb64ea545,0x0,0x0,0xb64ea558,0xb64ea561,3058604656,3058607348,3058607421,3058607429,3058607448,3058607457,0,0,2.692,8,9
2026-02-01T18:48:29.548098Z,0x175a,0xb65ec777,0xb65ed032,0xb65ed07c,0xb65ed086,0x0,0x0,0xb65ed09a,0xb65ed0a3,3059664759,3059666994,3059667068,3059667078,3059667098,3059667107,0,0,2.235,10,9
2026-02-01T18:48:30.506925Z,0x2f15,0xb66f0c04,0xb66f26cc,0xb66f26f5,0xb66f2700,0x0,0x0,0xb66f2713,0xb66f271d,3060730884,3060737740,3060737781,3060737792,3060737811,3060737821,0,0,6.856,11,10
2026-02-01T18:48:31.466431Z,0x3460,0xb67f4823,0xb67f6182,0xb67f61cb,0xb67f61d2,0x0,0x0,0xb67f61e4,0xb67f61ee,3061794851,3061801346,3061801419,3061801426,3061801444,3061801454,0,0,6.495,7,10
2026-02-01T18:48:32.423975Z,0x45de,0xb68f8086,0xb68f9304,0xb68f934d,0xb68f9356,0x0,0x0,0xb68f936a,0xb68f9375,3062857862,3062862596,3062862669,3062862678,3062862698,3062862709,0,0,4.734,9,11
2026-02-01T18:48:33.961026Z,0x546d,0xb69fc4da,0xb69fd618,0xb69fd661,0xb69fd66b,0x0,0x0,0xb69fd67f,0xb69fd68a,3063923930,3063928344,3063928417,3063928427,3063928447,3063928458,0,0,4.414,10,11
2026-02-01T18:48:34.925893Z,0xfc2,0xb6aff9c5,0xb6b011fa,0xb6b01243,0xb6b0124c,0x0,0x0,0xb6b01260,0xb6b01268,3064986053,3064992250,3064992323,3064992332,3064992352,3064992360,0,0,6.197,9,8
2026-02-01T18:48:35.880215Z,0x3769,0xb6c03dff,0xb6c0548b,0xb6c0549d,0xb6c054a4,0x0,0x0,0xb6c054b8,0xb6c054c1,3066052095,3066057867,3066057885,3066057892,3066057912,3066057921,0,0,5.772,7,9
2026-02-01T18:48:36.843007Z,0xb57,0xb6d07283,0xb6d08ac8,0xb6d08afd,0xb6d08b06,0x0,0x0,0xb6d08b1a,0xb6d08b24,3067114115,3067120328,3067120381,3067120390,3067120410,3067120420,0,0,6.213,9,10
2026-02-01T18:48:37.800020Z,0x5f29,0xb6e0aaed,0xb6e0c1e4,0xb6e0c22d,0xb6e0c235,0x0,0x0,0xb6e0c248,0xb6e0c251,3068177133,3068183012,3068183085,3068183093,3068183112,3068183121,0,0,5.879,8,9
2026-02-01T18:48:38.762173Z,0x5b5c,0xb6f0df8f,0xb6f0eaab,0xb6f0eaea,0xb6f0eaf3,0x0,0x0,0xb6f0eb07,0xb6f0eb0f,3069239183,3069242027,3069242090,3069242099,3069242119,3069242127,0,0,2.844,9,8
2026-02-01T18:48:40.381234Z,0x789d,0xb7012037,0xb701298e,0xb70129d6,0xb70129df,0x0,0x0,0xb70129f2,0xb70129fd,3070304311,3070306702,3070306774,3070306783,3070306802,3070306813,0,0,2.391,9,11
2026-02-01T18:48:41.343349Z,0x597a,0xb7115cd2,0xb7116763,0xb71167ad,0xb71167b5,0x0,0x0,0xb71167c9,0xb71167d1,3071368402,3071371107,3071371181,3071371189,3071371209,3071371217,0,0,2.705,8,8
2026-02-01T18:48:42.300183Z,0x5ff8,0xb7219517,0xb7219dff,0xb7219e10,0xb7219e19,0x0,0x0,0xb7219e2d,0xb7219e34,3072431383,3072433663,3072433680,3072433689,3072433709,3072433716,0,0,2.28,9,7
2026-02-01T18:48:43.255679Z,0x25f8,0xb731c9c4,0xb731d8ac,0xb731d8f6,0xb731d901,0x0,0x0,0xb731d915,0xb731d920,3073493444,3073497260,3073497334,3073497345,3073497365,3073497376,0,0,3.816,11,11
2026-02-01T18:48:44.212174Z,0x619c,0xb741fa53,0xb74207be,0xb74207f8,0xb7420803,0x0,0x0,0xb7420817,0xb7420822,3074554451,3074557886,3074557944,3074557955,3074557975,3074557986,0,0,3.435,11,11
2026-02-01T18:48:45.164348Z,0x7ea1,0xb7522f4c,0xb75248b3,0xb75248fd,0xb7524907,0x0,0x0,0xb752491a,0xb7524925,3075616588,3075623091,3075623165,3075623175,3075623194,3075623205,0,0,6.503,10,11
2026-02-01T18:48:46.705460Z,0x5d17,0xb76263a1,0xb7627bac,0xb7627bf5,0xb7627bfd,0x0,0x0,0xb7627c11,0xb7627c1b,3076678561,3076684716,3076684789,3076684797,3076684817,3076684827,0,0,6.155,8,10
2026-02-01T18:48:47.668081Z,0x324d,0xb7729c38,0xb772aea9,0xb772aef2,0xb772aefb,0x0,0x0,0xb772af0e,0xb772af17,3077741624,3077746345,3077746418,3077746427,3077746446,3077746455,0,0,4.721,9,9
2026-02-01T18:48:48.624430Z,0x43d,0xb782dccd,0xb782ed26,0xb782ed34,0xb782ed3e,0x0,0x0,0xb782ed52,0xb782ed5b,3078806733,3078810918,3078810932,3078810942,3078810962,3078810971,0,0,4.185,10,9
2026-02-01T18:48:49.591654Z,0x3d37,0xb7932101,0xb7932b8e,0xb7932bd7,0xb7932be1,0x0,0x0,0xb7932bf5,0xb7932bfe,3079872769,3079875470,3079875543,3079875553,3079875573,3079875582,0,0,2.701,10,9
2026-02-01T18:48:50.552032Z,0x79c8,0xb7a3519c,0xb7a35aae,0xb7a35af7,0xb7a35b01,0x0,0x0,0xb7a35b15,0xb7a35b1e,3080933788,3080936110,3080936183,3080936193,3080936213,3080936222,0,0,2.322,10,9
2026-02-01T18:48:52.094397Z,0x329d,0xb7b39608,0xb7b3a8df,0xb7b3a8ee,0xb7b3a8f8,0x0,0x0,0xb7b3a90b,0xb7b3a914,3081999880,3082004703,3082004718,3082004728,3082004747,3082004756,0,0,4.823,10,9
2026-02-01T18:48:53.061058Z,0x6784,0xb7c3d635,0xb7c3e7a9,0xb7c3e7d9,0xb7c3e7e4,0x0,0x0,0xb7c3e7f8,0xb7c3e801,3083064885,3083069353,3083069401,3083069412,3083069432,3083069441,0,0,4.468,11,9
2026-02-01T18:48:54.026767Z,0x6096,0xb7d40aee,0xb7d41a8d,0xb7d41aaf,0xb7d41ab6,0x0,0x0,0xb7d41aca,0xb7d41ad2,3084126958,3084130957,3084130991,3084130998,3084131018,3084131026,0,0,3.999,7,8
2026-02-01T18:48:54.992102Z,0x14ca,0xb7e43f82,0xb7e44dd7,0xb7e44e20,0xb7e44e2a,0x0,0x0,0xb7e44e3e,0xb7e44e47,3085188994,3085192663,3085192736,3085192746,3085192766,3085192775,0,0,3.669,10,9
2026-02-01T18:48:55.955712Z,0x1b27,0xb7f47043,0xb7f4830c,0xb7f4831e,0xb7f48326,0x0,0x0,0xb7f48339,0xb7f48340,3086250051,3086254860,3086254878,3086254886,3086254905,3086254912,0,0,4.809,8,7
2026-02-01T18:48:56.921641Z,0x23f9,0xb804b0c0,0xb804c1b2,0xb804c1c6,0xb804c1ce,0x0,0x0,0xb804c1e2,0xb804c1e9,3087315136,3087319474,3087319494,3087319502,3087319522,3087319529,0,0,4.338,8,7
2026-02-01T18:48:58.461378Z,0x7ef0,0xb814e170,0xb814f0f3,0xb814f13d,0xb814f146,0x0,0x0,0xb814f15a,0xb814f162,3088376176,3088380147,3088380221,3088380230,3088380250,3088380258,0,0,3.971,9,8
2026-02-01T18:48:59.419412Z,0x4195,0xb82521c6,0xb8252f90,0xb8252fac,0xb8252fb4,0x0,0x0,0xb8252fc7,0xb8252fcf,3089441222,3089444752,3089444780,3089444788,3089444807,3089444815,0,0,3.53,8,8
2026-02-01T18:49:00.384112Z,0x2594,0xb8356271,0xb8357203,0xb8357208,0xb8357212,0x0,0x0,0xb8357226,0xb8357232,3090506353,3090510339,3090510344,3090510354,3090510374,3090510386,0,0,3.986,10,12
2026-02-01T18:49:01.340296Z,0x75,0xb845a2dc,0xb845b0bf,0xb845b0ce,0xb845b0d5,0x0,0x0,0xb845b0e9,0xb845b0f3,3091571420,3091574975,3091574990,3091574997,3091575017,3091575027,0,0,3.555,7,10
2026-02-01T18:49:02.296158Z,0x6ab9,0xb855df44,0xb855e9dd,0xb855ea10,0xb855ea18,0x0,0x0,0xb855ea2b,0xb855ea34,3092635460,3092638173,3092638224,3092638232,3092638251,3092638260,0,0,2.713,8,9
2026-02-01T18:49:03.257219Z,0x60fb,0xb8661c1e,0xb866256a,0xb8662594,0xb866259c,0x0,0x0,0xb86625b0,0xb86625ba,3093699614,3093701994,3093702036,3093702044,3093702064,3093702074,0,0,2.38,8,10
2026-02-01T18:49:04.793401Z,0x6af7,0xb87667bf,0xb8767a3e,0xb8767a85,0xb8767a8c,0x0,0x0,0xb8767a9f,0xb8767aab,3094767551,3094772286,3094772357,3094772364,3094772383,3094772395,0,0,4.735,7,12
2026-02-01T18:49:05.748062Z,0x7fcb,0xb886b7dc,0xb886c890,0xb886c8d5,0xb886c8dd,0x0,0x0,0xb886c8f1,0xb886c8f9,3095836636,3095840912,3095840981,3095840989,3095841009,3095841017,0,0,4.276,8,8
2026-02-01T18:49:06.704107Z,0x5965,0xb896f014,0xb896ff50,0xb896ff8e,0xb896ff96,0x0,0x0,0xb896ffaa,0xb896ffb2,3096899604,3096903504,3096903566,3096903574,3096903594,3096903602,0,0,3.9,8,8
2026-02-01T18:49:07.660047Z,0x7a89,0xb8a724e4,0xb8a73289,0xb8a732d2,0xb8a732d9,0x0,0x0,0xb8a732ed,0xb8a732f4,3097961700,3097965193,3097965266,3097965273,3097965293,3097965300,0,0,3.493,7,7
2026-02-01T18:49:08.620135Z,0x4979,0xb8b75d65,0xb8b77622,0xb8b7766b,0xb8b77677,0x0,0x0,0xb8b7768a,0xb8b77696,3099024741,3099031074,3099031147,3099031159,3099031178,3099031190,0,0,6.333,12,12
2026-02-01T18:49:10.157190Z,0x29c7,0xb8c799a6,0xb8c7b109,0xb8c7b151,0xb8c7b15a,0x0,0x0,0xb8c7b16d,0xb8c7b176,3100088742,3100094729,3100094801,3100094810,3100094829,3100094838,0,0,5.987,9,9
2026-02-01T18:49:11.122338Z,0x1bdf,0xb8d7d275,0xb8d7e17a,0xb8d7e192,0xb8d7e199,0x0,0x0,0xb8d7e1ad,0xb8d7e1b5,3101151861,3101155706,3101155730,3101155737,3101155757,3101155765,0,0,3.845,7,8
2026-02-01T18:49:12.086886Z,0x7264,0xb8e806f0,0xb8e8149c,0xb8e814e5,0xb8e814ed,0x0,0x0,0xb8e81500,0xb8e81509,3102213872,3102217372,3102217445,3102217453,3102217472,3102217481,0,0,3.5,8,9
2026-02-01T18:49:13.040051Z,0x4ff8,0xb8f84785,0xb8f85419,0xb8f8542d,0xb8f85436,0x0,0x0,0xb8f85449,0xb8f85452,3103278981,3103282201,3103282221,3103282230,3103282249,3103282258,0,0,3.22,9,9
2026-02-01T18:49:14.002762Z,0x7c97,0xb90883d8,0xb9088eec,0xb9088f20,0xb9088f28,0x0,0x0,0xb9088f3a,0xb9088f42,3104343000,3104345836,3104345888,3104345896,3104345914,3104345922,0,0,2.836,8,8
2026-02-01T18:49:14.965097Z,0x367e,0xb918c03a,0xb918cb3b,0xb918cb71,0xb918cb7a,0x0,0x0,0xb918cb8d,0xb918cb96,3105407034,3105409851,3105409905,3105409914,3105409933,3105409942,0,0,2.817,9,9
2026-02-01T18:49:16.507392Z,0x6299,0xb928f132,0xb928fa70,0xb928fab8,0xb928fac3,0x0,0x0,0xb928fad6,0xb928fade,3106468146,3106470512,3106470584,3106470595,3106470614,3106470622,0,0,2.366,11,8
2026-02-01T18:49:17.466561Z,0x4b08,0xb9392d88,0xb9393bb1,0xb9393bfb,0xb9393c07,0x0,0x0,0xb9393c19,0xb9393c24,3107532168,3107535793,3107535867,3107535879,3107535897,3107535908,0,0,3.625,12,11
2026-02-01T18:49:18.436155Z,0x1e35,0xb94979a2,0xb9498669,0xb94986b3,0xb94986bc,0x0,0x0,0xb94986cf,0xb94986d8,3108600226,3108603497,3108603571,3108603580,3108603599,3108603608,0,0,3.271,9,9
2026-02-01T18:49:19.396139Z,0x3f9c,0xb9599e71,0xb959adc0,0xb959ae09,0xb959ae15,0x0,0x0,0xb959ae27,0xb959ae34,3109658225,3109662144,3109662217,3109662229,3109662247,3109662260,0,0,3.919,12,13
2026-02-01T18:49:20.356278Z,0x77aa,0xb969f674,0xb96a0417,0xb96a0461,0xb96a046d,0x0,0x0,0xb96a0480,0xb96a048a,3110729332,3110732823,3110732897,3110732909,3110732928,3110732938,0,0,3.491,12,10
2026-02-01T18:49:21.889420Z,0x71b,0xb97a426d,0xb97a4e1d,0xb97a4e66,0xb97a4e6c,0x0,0x0,0xb97a4e7f,0xb97a4e89,3111797357,3111800349,3111800422,3111800428,3111800447,3111800457,0,0,2.992,6,10
2026-02-01T18:49:22.844096Z,0x7592,0xb98a6b57,0xb98a750c,0xb98a7546,0xb98a7550,0x0,0x0,0xb98a7562,0xb98a756c,3112856407,3112858892,3112858950,3112858960,3112858978,3112858988,0,0,2.485,10,10
2026-02-01T18:49:23.808538Z,0x7d12,0xb99aabb0,0xb99ac17a,0xb99ac18a,0xb99ac194,0x0,0x0,0xb99ac1a6,0xb99ac1b1,3113921456,3113927034,3113927050,3113927060,3113927078,3113927089,0,0,5.578,10,11
2026-02-01T18:49:24.760059Z,0x31c5,0xb9aaf006,0xb9ab0468,0xb9ab04b2,0xb9ab04bd,0x0,0x0,0xb9ab04cf,0xb9ab04d9,3114987526,3114992744,3114992818,3114992829,3114992847,3114992857,0,0,5.218,11,10
2026-02-01T18:49:25.723281Z,0x820,0xb9bb344a,0xb9bb444a,0xb9bb4492,0xb9bb449c,0x0,0x0,0xb9bb44ae,0xb9bb44b7,3116053578,3116057674,3116057746,3116057756,3116057774,3116057783,0,0,4.096,10,9
2026-02-01T18:49:26.676144Z,0x6aeb,0xb9cb7c75,0xb9cb8b30,0xb9cb8b78,0xb9cb8b80,0x0,0x0,0xb9cb8b93,0xb9cb8b9b,3117120629,3117124400,3117124472,3117124480,3117124499,3117124507,0,0,3.771,8,8
2026-02-01T18:49:28.215281Z,0x2937,0xb9dbc878,0xb9dbd403,0xb9dbd44c,0xb9dbd454,0x0,0x0,0xb9dbd466,0xb9dbd46f,3118188664,3118191619,3118191692,3118191700,3118191718,3118191727,0,0,2.955,8,9
2026-02-01T18:49:29.168075Z,0x3074,0xb9ec014f,0xb9ec0ac0,0xb9ec0adf,0xb9ec0aea,0x0,0x0,0xb9ec0afe,0xb9ec0b06,3119251791,3119254208,3119254239,3119254250,3119254270,3119254278,0,0,2.417,11,8
2026-02-01T18:49:30.124733Z,0x2414,0xb9fc39e6,0xb9fc4455,0xb9fc449c,0xb9fc44a5,0x0,0x0,0xb9fc44b8,0xb9fc44bf,3120314854,3120317525,3120317596,3120317605,3120317624,3120317631,0,0,2.671,9,7
2026-02-01T18:49:31.084190Z,0x6138,0xba0c899e,0xba0c92d7,0xba0c931f,0xba0c932a,0x0,0x0,0xba0c933e,0xba0c9344,3121383838,3121386199,3121386271,3121386282,3121386302,3121386308,0,0,2.361,11,6
2026-02-01T18:49:32.036222Z,0x27f7,0xba1cbe8f,0xba1cd077,0xba1cd0bf,0xba1cd0c9,0x0,0x0,0xba1cd0db,0xba1cd0e6,3122445967,3122450551,3122450623,3122450633,3122450651,3122450662,0,0,4.584,10,11
2026-02-01T18:49:33.576820Z,0x1369,0xba2cf725,0xba2d074a,0xba2d076e,0xba2d0775,0x0,0x0,0xba2d0788,0xba2d0790,3123509029,3123513162,3123513198,3123513205,3123513224,3123513232,0,0,4.133,7,8
2026-02-01T18:49:34.538035Z,0x6f9c,0xba3d3352,0xba3d4260,0xba3d4264,0xba3d426c,0x0,0x0,0xba3d427f,0xba3d4288,3124573010,3124576864,3124576868,3124576876,3124576895,3124576904,0,0,3.854,8,9
2026-02-01T18:49:35.492036Z,0x3d91,0xba4d67ee,0xba4d7571,0xba4d75b9,0xba4d75c2,0x0,0x0,0xba4d75d4,0xba4d75dd,3125635054,3125638513,3125638585,3125638594,3125638612,3125638621,0,0,3.459,9,9
2026-02-01T18:49:36.448422Z,0x6a6c,0xba5db04f,0xba5dbac9,0xba5dbb12,0xba5dbb1b,0x0,0x0,0xba5dbb2e,0xba5dbb35,3126702159,3126704841,3126704914,3126704923,3126704942,3126704949,0,0,2.682,9,7
2026-02-01T18:49:37.412222Z,0x2f76,0xba6de8a3,0xba6df182,0xba6df194,0xba6df19d,0x0,0x0,0xba6df1b0,0xba6df1b8,3127765155,3127767426,3127767444,3127767453,3127767472,3127767480,0,0,2.271,9,8
2026-02-01T18:49:38.368091Z,0x3626,0xba7e212e,0xba7e2c4a,0xba7e2c92,0xba7e2c9b,0x0,0x0,0xba7e2cae,0xba7e2cb5,3128828206,3128831050,3128831122,3128831131,3128831150,3128831157,0,0,2.844,9,7
2026-02-01T18:49:39.915292Z,0x413,0xba8e6977,0xba8e72c1,0xba8e7303,0xba8e730a,0x0,0x0,0xba8e731d,0xba8e7325,3129895287,3129897665,3129897731,3129897738,3129897757,3129897765,0,0,2.378,7,8
2026-02-01T18:49:40.868127Z,0x148f,0xba9e963c,0xba9ea897,0xba9ea8df,0xba9ea8e9,0x0,0x0,0xba9ea8fb,0xba9ea904,3130955324,3130960023,3130960095,3130960105,3130960123,3130960132,0,0,4.699,10,9
2026-02-01T18:49:41.836100Z,0x44ad,0xbaaee227,0xbaaef294,0xbaaef2d3,0xbaaef2dc,0x0,0x0,0xbaaef2ee,0xbaaef2f6,3132023335,3132027540,3132027603,3132027612,3132027630,3132027638,0,0,4.205,9,8
2026-02-01T18:49:42.800524Z,0x3e45,0xbabf2ac4,0xbabf39b2,0xbabf39d8,0xbabf39e1,0x0,0x0,0xbabf39f4,0xbabf39fc,3133090500,3133094322,3133094360,3133094369,3133094388,3133094396,0,0,3.822,9,8
2026-02-01T18:49:43.763640Z,0xaac,0xbacf5b7b,0xbacf690e,0xbacf6956,0xbacf695c,0x0,0x0,0xbacf696f,0xbacf6978,3134151547,3134155022,3134155094,3134155100,3134155119,3134155128,0,0,3.475,6,9
2026-02-01T18:49:45.301338Z,0x4f99,0xbadf93b6,0xbadfa587,0xbadfa5cf,0xbadfa5d9,0x0,0x0,0xbadfa5ec,0xbadfa5f5,3135214518,3135219079,3135219151,3135219161,3135219180,3135219189,0,0,4.561,10,9
2026-02-01T18:49:46.264111Z,0x4af,0xbaefc896,0xbaefd8ac,0xbaefd8f4,0xbaefd8fd,0x0,0x0,0xbaefd90f,0xbaefd917,3136276630,3136280748,3136280820,3136280829,3136280847,3136280855,0,0,4.118,9,8
2026-02-01T18:49:47.216208Z,0x1382,0xbb0008be,0xbb001756,0xbb00179e,0xbb0017a8,0x0,0x0,0xbb0017ba,0xbb0017c3,3137341630,3137345366,3137345438,3137345448,3137345466,3137345475,0,0,3.736,10,9
2026-02-01T18:49:48.172131Z,0x158b,0xbb103d82,0xbb104a28,0xbb104a38,0xbb104a3e,0x0,0x0,0xbb104a51,0xbb104a58,3138403714,3138406952,3138406968,3138406974,3138406993,3138407000,0,0,3.238,6,7
2026-02-01T18:49:49.124114Z,0x7657,0xbb2085cd,0xbb209112,0xbb20912c,0xbb209136,0x0,0x0,0xbb209148,0xbb209151,3139470797,3139473682,3139473708,3139473718,3139473736,3139473745,0,0,2.885,10,9
2026-02-01T18:49:50.088098Z,0xeff,0xbb30ba45,0xbb30c423,0xbb30c46c,0xbb30c476,0x0,0x0,0xbb30c489,0xbb30c494,3140532805,3140535331,3140535404,3140535414,3140535433,3140535444,0,0,2.526,10,11
2026-02-01T18:49:51.621215Z,0x75ac,0xbb40eadd,0xbb40f5f3,0xbb40f63c,0xbb40f644,0x0,0x0,0xbb40f657,0xbb40f660,3141593821,3141596659,3141596732,3141596740,3141596759,3141596768,0,0,2.838,8,9
2026-02-01T18:49:52.580148Z,0x2e3d,0xbb51274a,0xbb513096,0xbb5130b5,0xbb5130bd,0x0,0x0,0xbb5130cf,0xbb5130d7,3142657866,3142660246,3142660277,3142660285,3142660303,3142660311,0,0,2.38,8,8
2026-02-01T18:49:53.536232Z,0xc1e,0xbb6163e0,0xbb6176e4,0xbb61772d,0xbb617737,0x0,0x0,0xbb61774a,0xbb617754,3143721952,3143726820,3143726893,3143726903,3143726922,3143726932,0,0,4.868,10,10
2026-02-01T18:49:54.489909Z,0x8eb,0xbb71ac3d,0xbb71bd8e,0xbb71bdd8,0xbb71bde0,0x0,0x0,0xbb71bdf3,0xbb71bdfb,3144789053,3144793486,3144793560,3144793568,3144793587,3144793595,0,0,4.433,8,8
2026-02-01T18:49:55.452257Z,0x2a8f,0xbb81e888,0xbb81f7fa,0xbb81f83e,0xbb81f847,0x0,0x0,0xbb81f85a,0xbb81f863,3145853064,3145857018,3145857086,3145857095,3145857114,3145857123,0,0,3.954,9,9
2026-02-01T18:49:56.989458Z,0x29ec,0xbb92251b,0xbb923349,0xbb923391,0xbb92339b,0x0,0x0,0xbb9233ad,0xbb9233b5,3146917147,3146920777,3146920849,3146920859,3146920877,3146920885,0,0,3.63,10,8
2026-02-01T18:49:57.952043Z,0x71d6,0xbba27127,0xbba2844c,0xbba2848c,0xbba28494,0x0,0x0,0xbba284a6,0xbba284ae,3147985191,3147990092,3147990156,3147990164,3147990182,3147990190,0,0,4.901,8,8
2026-02-01T18:49:58.908241Z,0x1d16,0xbbb2ad80,0xbbb2be1b,0xbbb2be63,0xbbb2be6b,0x0,0x0,0xbbb2be7d,0xbbb2be85,3149049216,3149053467,3149053539,3149053547,3149053565,3149053573,0,0,4.251,8,8
2026-02-01T18:49:59.860737Z,0x1e69,0xbbc2f5b0,0xbbc30dc1,0xbbc30e0a,0xbbc30e15,0x0,0x0,0xbbc30e28,0xbbc30e34,3150116272,3150122433,3150122506,3150122517,3150122536,3150122548,0,0,6.161,11,12
2026-02-01T18:50:00.832104Z,0x4455,0xbbd32655,0xbbd33cb6,0xbbd33ccf,0xbbd33cd8,0x0,0x0,0xbbd33ceb,0xbbd33cf3,3151177301,3151183030,3151183055,3151183064,3151183083,3151183091,0,0,5.729,9,8
2026-02-01T18:50:01.787946Z,0x21c7,0xbbe3821d,0xbbe38d51,0xbbe38d7f,0xbbe38d87,0x0,0x0,0xbbe38d9a,0xbbe38da2,3152249373,3152252241,3152252287,3152252295,3152252314,3152252322,0,0,2.868,8,8
2026-02-01T18:50:03.405413Z,0x46e6,0xbbf3beb5,0xbbf3c817,0xbbf3c859,0xbbf3c861,0x0,0x0,0xbbf3c874,0xbbf3c87f,3153313461,3153315863,3153315929,3153315937,3153315956,3153315967,0,0,2.402,8,11
2026-02-01T18:50:04.374578Z,0x2c7b,0xbc03ef4d,0xbc040621,0xbc040640,0xbc04064a,0x0,0x0,0xbc04065d,0xbc040668,3154374477,3154380321,3154380352,3154380362,3154380381,3154380392,0,0,5.844,10,11
2026-02-01T18:50:05.340060Z,0x527a,0xbc142bc0,0xbc144112,0xbc14411e,0xbc144125,0x0,0x0,0xbc144138,0xbc144142,3155438528,3155443986,3155443998,3155444005,3155444024,3155444034,0,0,5.458,7,10
2026-02-01T18:50:06.292141Z,0x5da4,0xbc2460ab,0xbc2478e3,0xbc247920,0xbc247927,0x0,0x0,0xbc24793a,0xbc247944,3156500651,3156506851,3156506912,3156506919,3156506938,3156506948,0,0,6.2,7,10
2026-02-01T18:50:07.244155Z,0x41bb,0xbc34bc40,0xbc34d2a9,0xbc34d2e0,0xbc34d2e9,0x0,0x0,0xbc34d2fb,0xbc34d304,3157572672,3157578409,3157578464,3157578473,3157578491,3157578500,0,0,5.737,9,9
2026-02-01T18:50:08.203993Z,0x422a,0xbc44f4a2,0xbc450e0a,0xbc450e33,0xbc450e3d,0x0,0x0,0xbc450e50,0xbc450e5a,3158635682,3158642186,3158642227,3158642237,3158642256,3158642266,0,0,6.504,10,10
2026-02-01T18:50:09.748141Z,0x1531,0xbc55310b,0xbc55490e,0xbc554957,0xbc554961,0x0,0x0,0xbc554973,0xbc55497c,3159699723,3159705870,3159705943,3159705953,3159705971,3159705980,0,0,6.147,10,9
2026-02-01T18:50:10.704186Z,0x197a,0xbc656d8a,0xbc6579be,0xbc657a09,0xbc657a11,0x0,0x0,0xbc657a24,0xbc657a2d,3160763786,3160766910,3160766985,3160766993,3160767012,3160767021,0,0,3.124,8,9
2026-02-01T18:50:11.658339Z,0x572f,0xbc75b598,0xbc75bff8,0xbc75c041,0xbc75c04a,0x0,0x0,0xbc75c05d,0xbc75c066,3161830808,3161833464,3161833537,3161833546,3161833565,3161833574,0,0,2.656,9,9
2026-02-01T18:50:12.624037Z,0x37e,0xbc85dae6,0xbc85e630,0xbc85e663,0xbc85e66c,0x0,0x0,0xbc85e67e,0xbc85e686,3162888934,3162891824,3162891875,3162891884,3162891902,3162891910,0,0,2.89,9,8
2026-02-01T18:50:13.588335Z,0x7c5b,0xbc961365,0xbc961d54,0xbc961d9d,0xbc961da5,0x0,0x0,0xbc961db8,0xbc961dbe,3163951973,3163954516,3163954589,3163954597,3163954616,3163954622,0,0,2.543,8,6
2026-02-01T18:50:14.540126Z,0x2c25,0xbca64057,0xbca64b86,0xbca64bd0,0xbca64bd8,0x0,0x0,0xbca64bea,0xbca64bf4,3165012055,3165014918,3165014992,3165015000,3165015018,3165015028,0,0,2.863,8,10
2026-02-01T18:50:16.157057Z,0x5885,0xbcb6752e,0xbcb67f1f,0xbcb67f68,0xbcb67f70,0x0,0x0,0xbcb67f83,0xbcb67f8c,3166074158,3166076703,3166076776,3166076784,3166076803,3166076812,0,0,2.545,8,9
2026-02-01T18:50:17.116183Z,0x73c2,0xbcc6ad9a,0xbcc6be5a,0xbcc6bea5,0xbcc6beb0,0x0,0x0,0xbcc6bec2,0xbcc6becf,3167137178,3167141466,3167141541,3167141552,3167141570,3167141583,0,0,4.288,11,13
2026-02-01T18:50:18.076490Z,0x60b9,0xbcd6e22d,0xbcd6f114,0xbcd6f15d,0xbcd6f166,0x0,0x0,0xbcd6f177,0xbcd6f180,3168199213,3168203028,3168203101,3168203110,3168203127,3168203136,0,0,3.815,9,9
2026-02-01T18:50:19.034881Z,0x1257,0xbce716bd,0xbce725e4,0xbce725fc,0xbce72604,0x0,0x0,0xbce72617,0xbce72622,3169261245,3169265124,3169265148,3169265156,3169265175,3169265186,0,0,3.879,8,11
2026-02-01T18:50:20.000145Z,0x3abc,0xbcf75ee8,0xbcf76cfe,0xbcf76d48,0xbcf76d4f,0x0,0x0,0xbcf76d61,0xbcf76d6a,3170328296,3170331902,3170331976,3170331983,3170332001,3170332010,0,0,3.606,7,9
2026-02-01T18:50:20.973913Z,0x6550,0xbd07979e,0xbd07a54d,0xbd07a599,0xbd07a5a5,0x0,0x0,0xbd07a5b8,0xbd07a5c3,3171391390,3171394893,3171394969,3171394981,3171395000,3171395011,0,0,3.503,12,11
2026-02-01T18:50:22.518590Z,0x7b31,0xbd17df8c,0xbd17ebed,0xbd17ec39,0xbd17ec45,0x0,0x0,0xbd17ec59,0xbd17ec65,3172458380,3172461549,3172461625,3172461637,3172461657,3172461669,0,0,3.169,12,12
2026-02-01T18:50:23.480123Z,0x715f,0xbd280c99,0xbd281c23,0xbd281c6d,0xbd281c77,0x0,0x0,0xbd281c89,0xbd281c94,3173518489,3173522467,3173522541,3173522551,3173522569,3173522580,0,0,3.978,10,11
2026-02-01T18:50:24.436048Z,0x2660,0xbd385883,0xbd38663e,0xbd386677,0xbd38667f,0x0,0x0,0xbd386696,0xbd38669f,3174586499,3174590014,3174590071,3174590079,3174590102,3174590111,0,0,3.515,8,9
2026-02-01T18:50:25.388214Z,0x6c2a,0xbd48a0ee,0xbd48b93f,0xbd48b96b,0xbd48b973,0x0,0x0,0xbd48b986,0xbd48b990,3175653614,3175659839,3175659883,3175659891,3175659910,3175659920,0,0,6.225,8,10
2026-02-01T18:50:26.348125Z,0x390e,0xbd58f091,0xbd59076c,0xbd5907b6,0xbd5907c1,0x0,0x0,0xbd5907d4,0xbd5907de,3176722577,3176728428,3176728502,3176728513,3176728532,3176728542,0,0,5.851,11,10
2026-02-01T18:50:27.304226Z,0x468d,0xbd692d1c,0xbd693fd9,0xbd69401f,0xbd694027,0x0,0x0,0xbd694039,0xbd694043,3177786652,3177791449,3177791519,3177791527,3177791545,3177791555,0,0,4.797,8,10
2026-02-01T18:50:28.919434Z,0x6b28,0xbd797d46,0xbd798eb2,0xbd798efc,0xbd798f03,0x0,0x0,0xbd798f16,0xbd798f20,3178855750,3178860210,3178860284,3178860291,3178860310,3178860320,0,0,4.46,7,10
2026-02-01T18:50:29.880682Z,0x7172,0xbd89c159,0xbd89d03e,0xbd89d088,0xbd89d090,0x0,0x0,0xbd89d0a2,0xbd89d0aa,3179921753,3179925566,3179925640,3179925648,3179925666,3179925674,0,0,3.813,8,8
2026-02-01T18:50:30.844981Z,0x4f33,0xbd99ee54,0xbd99fb5d,0xbd99fba7,0xbd99fbb0,0x0,0x0,0xbd99fbc3,0xbd99fbcc,3180981844,3180985181,3180985255,3180985264,3180985283,3180985292,0,0,3.337,9,9
2026-02-01T18:50:31.812017Z,0x4cfd,0xbdaa26ad,0xbdaa4025,0xbdaa406f,0xbdaa407b,0x0,0x0,0xbdaa408e,0xbdaa4098,3182044845,3182051365,3182051439,3182051451,3182051470,3182051480,0,0,6.52,12,10
2026-02-01T18:50:32.772516Z,0x3a07,0xbdba672c,0xbdba7ee3,0xbdba7f11,0xbdba7f1a,0x0,0x0,0xbdba7f2c,0xbdba7f37,3183109932,3183116003,3183116049,3183116058,3183116076,3183116087,0,0,6.071,9,11
2026-02-01T18:50:33.739957Z,0x64b0,0xbdcab316,0xbdcac1f4,0xbdcac23f,0xbdcac246,0x0,0x0,0xbdcac25a,0xbdcac262,3184177942,3184181748,3184181823,3184181830,3184181850,3184181858,0,0,3.806,7,8
2026-02-01T18:50:35.285063Z,0x2459,0xbddaeb95,0xbddaf8ab,0xbddaf8bb,0xbddaf8c5,0x0,0x0,0xbddaf8d8,0xbddaf8e3,3185240981,3185244331,3185244347,3185244357,3185244376,3185244387,0,0,3.35,10,11
2026-02-01T18:50:36.252050Z,0xbdc,0xbdeb2fca,0xbdeb455e,0xbdeb45a9,0xbdeb45b4,0x0,0x0,0xbdeb45c7,0xbdeb45d2,3186307018,3186312542,3186312617,3186312628,3186312647,3186312658,0,0,5.524,11,11
2026-02-01T18:50:37.204552Z,0x36b2,0xbdfb688f,0xbdfb7c59,0xbdfb7c99,0xbdfb7ca3,0x0,0x0,0xbdfb7cb6,0xbdfb7cc2,3187370127,3187375193,3187375257,3187375267,3187375286,3187375298,0,0,5.066,10,12
2026-02-01T18:50:38.164681Z,0x727e,0xbe0bb4be,0xbe0bcc4d,0xbe0bcc96,0xbe0bcc9f,0x0,0x0,0xbe0bccb1,0xbe0bccba,3188438206,3188444237,3188444310,3188444319,3188444337,3188444346,0,0,6.031,9,9
2026-02-01T18:50:39.123648Z,0x24c8,0xbe1be940,0xbe1bff94,0xbe1bffde,0xbe1bffe7,0x0,0x0,0xbe1bfffa,0xbe1c0004,3189500224,3189505940,3189506014,3189506023,3189506042,3189506052,0,0,5.716,9,10
2026-02-01T18:50:40.088142Z,0x1de7,0xbe2c25b1,0xbe2c3b64,0xbe2c3bae,0xbe2c3bb6,0x0,0x0,0xbe2c3bc8,0xbe2c3bd1,3190564273,3190569828,3190569902,3190569910,3190569928,3190569937,0,0,5.555,8,9
2026-02-01T18:50:41.718725Z,0x5477,0xbe3c626c,0xbe3c7646,0xbe3c7690,0xbe3c7698,0x0,0x0,0xbe3c76ab,0xbe3c76b4,3191628396,3191633478,3191633552,3191633560,3191633579,3191633588,0,0,5.082,8,9
2026-02-01T18:50:42.679950Z,0x4603,0xbe4caa59,0xbe4cb9fd,0xbe4cba21,0xbe4cba2b,0x0,0x0,0xbe4cba3e,0xbe4cba49,3192695385,3192699389,3192699425,3192699435,3192699454,3192699465,0,0,4.004,10,11
2026-02-01T18:50:43.638166Z,0x4f6c,0xbe5cdafd,0xbe5ce92a,0xbe5ce975,0xbe5ce97e,0x0,0x0,0xbe5ce991,0xbe5ce99b,3193756413,3193760042,3193760117,3193760126,3193760145,3193760155,0,0,3.629,9,10
2026-02-01T18:50:44.605260Z,0x55bc,0xbe6d2753,0xbe6d33fb,0xbe6d3411,0xbe6d3419,0x0,0x0,0xbe6d342c,0xbe6d3436,3194824531,3194827771,3194827793,3194827801,3194827820,3194827830,0,0,3.24,8,10
2026-02-01T18:50:45.564047Z,0x63fa,0xbe7d5bdd,0xbe7d677e,0xbe7d67c8,0xbe7d67d1,0x0,0x0,0xbe7d67e3,0xbe7d67eb,3195886557,3195889534,3195889608,3195889617,3195889635,3195889643,0,0,2.977,9,8
2026-02-01T18:50:46.523100Z,0x7fa9,0xbe8d9868,0xbe8da2ef,0xbe8da338,0xbe8da340,0x0,0x0,0xbe8da352,0xbe8da35a,3196950632,3196953327,3196953400,3196953408,3196953426,3196953434,0,0,2.695,8,8
2026-02-01T18:50:48.061320Z,0x33fe,0xbe9dcd28,0xbe9dd5dd,0xbe9dd627,0xbe9dd631,0x0,0x0,0xbe9dd645,0xbe9dd64e,3198012712,3198014941,3198015015,3198015025,3198015045,3198015054,0,0,2.229,10,9
2026-02-01T18:50:49.025282Z,0x5122,0xbeae1914,0xbeae309d,0xbeae30e6,0xbeae30f0,0x0,0x0,0xbeae3103,0xbeae310b,3199080724,3199086749,3199086822,3199086832,3199086851,3199086859,0,0,6.025,10,8
2026-02-01T18:50:49.980318Z,0x64d2,0xbebe6cc3,0xbebe82f9,0xbebe832d,0xbebe8335,0x0,0x0,0xbebe8347,0xbebe8352,3200150723,3200156409,3200156461,3200156469,3200156487,3200156498,0,0,5.686,8,11
2026-02-01T18:50:50.932055Z,0x4afa,0xbeceb8cb,0xbecec856,0xbecec890,0xbecec899,0x0,0x0,0xbecec8ac,0xbecec8b4,3201218763,3201222742,3201222800,3201222809,3201222828,3201222836,0,0,3.979,9,8
2026-02-01T18:50:51.883957Z,0x6e65,0xbedf04d8,0xbedf1300,0xbedf134a,0xbedf1353,0x0,0x0,0xbedf1366,0xbedf136f,3202286808,3202290432,3202290506,3202290515,3202290534,3202290543,0,0,3.624,9,9
2026-02-01T18:50:53.432748Z,0x5f74,0xbeef3d8f,0xbeef495d,0xbeef49a7,0xbeef49b0,0x0,0x0,0xbeef49c3,0xbeef49ca,3203349903,3203352925,3203352999,3203353008,3203353027,3203353034,0,0,3.022,9,7
2026-02-01T18:50:54.388472Z,0x6327,0xbeff8598,0xbeff8fe7,0xbeff9031,0xbeff9039,0x0,0x0,0xbeff904b,0xbeff9053,3204416920,3204419559,3204419633,3204419641,3204419659,3204419667,0,0,2.639,8,8
2026-02-01T18:50:55.350859Z,0x6613,0xbf0fce1d,0xbf0fd836,0xbf0fd85a,0xbf0fd861,0x0,0x0,0xbf0fd874,0xbf0fd87b,3205484061,3205486646,3205486682,3205486689,3205486708,3205486715,0,0,2.585,7,7
2026-02-01T18:50:56.317818Z,0x2ab,0xbf2025e4,0xbf202e97,0xbf202ee1,0xbf202eeb,0x0,0x0,0xbf202efe,0xbf202f06,3206555108,3206557335,3206557409,3206557419,3206557438,3206557446,0,0,2.227,10,8
2026-02-01T18:50:57.282053Z,0x12ab,0xbf305682,0xbf30687f,0xbf3068c9,0xbf3068d3,0x0,0x0,0xbf3068e5,0xbf3068ee,3207616130,3207620735,3207620809,3207620819,3207620837,3207620846,0,0,4.605,10,9
2026-02-01T18:50:58.243959Z,0x1180,0xbf409ec0,0xbf40aee3,0xbf40af2a,0xbf40af36,0x0,0x0,0xbf40af49,0xbf40af52,3208683200,3208687331,3208687402,3208687414,3208687433,3208687442,0,0,4.131,12,9
2026-02-01T18:50:59.782151Z,0x3d40,0xbf50e2bb,0xbf50f181,0xbf50f1cb,0xbf50f1d2,0x0,0x0,0xbf50f1e4,0xbf50f1ed,3209749179,3209752961,3209753035,3209753042,3209753060,3209753069,0,0,3.782,7,9
2026-02-01T18:51:00.746292Z,0x784a,0xbf612ec8,0xbf613c4a,0xbf613c93,0xbf613c9d,0x0,0x0,0xbf613cb0,0xbf613cb8,3210817224,3210820682,3210820755,3210820765,3210820784,3210820792,0,0,3.458,10,8
2026-02-01T18:51:01.708299Z,0x1708,0xbf717735,0xbf719343,0xbf719372,0xbf71937d,0x0,0x0,0xbf719391,0xbf71939d,3211884341,3211891523,3211891570,3211891581,3211891601,3211891613,0,0,7.182,11,12
2026-02-01T18:51:02.664258Z,0x2cf0,0xbf81b368,0xbf81ce3d,0xbf81ce88,0xbf81ce91,0x0,0x0,0xbf81cea4,0xbf81ceaf,3212948328,3212955197,3212955272,3212955281,3212955300,3212955311,0,0,6.869,9,11
2026-02-01T18:51:03.618263Z,0x7062,0xbf91e854,0xbf9201df,0xbf92022a,0xbf920236,0x0,0x0,0xbf920248,0xbf920253,3214010452,3214016991,3214017066,3214017078,3214017096,3214017107,0,0,6.539,12,11
2026-02-01T18:51:05.153285Z,0x675e,0xbfa2384e,0xbfa24ffe,0xbfa25049,0xbfa25055,0x0,0x0,0xbfa25068,0xbfa25070,3215079502,3215085566,3215085641,3215085653,3215085672,3215085680,0,0,6.064,12,8
2026-02-01T18:51:06.107940Z,0x6b58,0xbfb297d0,0xbfb2a1da,0xbfb2a202,0xbfb2a210,0x0,0x0,0xbfb2a222,0xbfb2a230,3216152528,3216155098,3216155138,3216155152,3216155170,3216155184,0,0,2.57,14,14
2026-02-01T18:51:07.060205Z,0x5175,0xbfc2cc3b,0xbfc2d699,0xbfc2d6e4,0xbfc2d6f1,0x0,0x0,0xbfc2d705,0xbfc2d711,3217214523,3217217177,3217217252,3217217265,3217217285,3217217297,0,0,2.654,13,12
2026-02-01T18:51:08.013294Z,0x7551,0xbfd2fd24,0xbfd30f4a,0xbfd30f80,0xbfd30f88,0x0,0x0,0xbfd30f9a,0xbfd30fa5,3218275620,3218280266,3218280320,3218280328,3218280346,3218280357,0,0,4.646,8,11
2026-02-01T18:51:08.967973Z,0x715a,0xbfe34544,0xbfe35620,0xbfe3566c,0xbfe35675,0x0,0x0,0xbfe35688,0xbfe35692,3219342660,3219346976,3219347052,3219347061,3219347080,3219347090,0,0,4.316,9,10
2026-02-01T18:51:09.924666Z,0x443d,0xbff379dc,0xbff388e1,0xbff388f7,0xbff388ff,0x0,0x0,0xbff38912,0xbff3891a,3220404700,3220408545,3220408567,3220408575,3220408594,3220408602,0,0,3.845,8,8
2026-02-01T18:51:11.541465Z,0x3a9a,0xc003c203,0xc003cfb9,0xc003d003,0xc003d00b,0x0,0x0,0xc003d01e,0xc003d027,3221471747,3221475257,3221475331,3221475339,3221475358,3221475367,0,0,3.51,8,9
2026-02-01T18:51:12.504462Z,0x4fe0,0xc0140659,0xc0142566,0xc01425af,0xc01425b9,0x0,0x0,0xc01425cb,0xc01425d6,3222537817,3222545766,3222545839,3222545849,3222545867,3222545878,0,0,7.949,10,11
2026-02-01T18:51:13.464135Z,0x51d2,0xc024565c,0xc02473a3,0xc02473ee,0xc02473f6,0x0,0x0,0xc0247409,0xc0247413,3223606876,3223614371,3223614446,3223614454,3223614473,3223614483,0,0,7.495,8,10
2026-02-01T18:51:14.424098Z,0x89b,0xc0349a87,0xc034b306,0xc034b32a,0xc034b333,0x0,0x0,0xc034b345,0xc034b351,3224672903,3224679174,3224679210,3224679219,3224679237,3224679249,0,0,6.271,9,12
2026-02-01T18:51:15.382811Z,0x3927,0xc044ee81,0xc045058e,0xc04505d9,0xc04505e1,0x0,0x0,0xc04505f4,0xc04505fd,3225742977,3225748878,3225748953,3225748961,3225748980,3225748989,0,0,5.901,8,9
2026-02-01T18:51:16.340122Z,0xb51,0xc0552ae6,0xc05535e1,0xc055362c,0xc0553635,0x0,0x0,0xc0553647,0xc0553650,3226807014,3226809825,3226809900,3226809909,3226809927,3226809936,0,0,2.811,9,9
2026-02-01T18:51:17.959133Z,0x14cc,0xc0655f67,0xc06568a4,0xc06568ed,0xc06568f7,0x0,0x0,0xc0656909,0xc0656914,3227869031,3227871396,3227871469,3227871479,3227871497,3227871508,0,0,2.365,10,11
2026-02-01T18:51:18.911925Z,0x19b4,0xc0759fd9,0xc075b1e1,0xc075b216,0xc075b21f,0x0,0x0,0xc075b232,0xc075b23a,3228934105,3228938721,3228938774,3228938783,3228938802,3228938810,0,0,4.616,9,8
2026-02-01T18:51:19.875962Z,0x4772,0xc085f7d0,0xc08607fb,0xc0860845,0xc086084b,0x0,0x0,0xc086085e,0xc0860867,3230005200,3230009339,3230009413,3230009419,3230009438,3230009447,0,0,4.139,6,9
2026-02-01T18:51:20.840125Z,0x4179,0xc09647b8,0xc09656b6,0xc09656f2,0xc09656fa,0x0,0x0,0xc096570d,0xc0965715,3231074232,3231078070,3231078130,3231078138,3231078157,3231078165,0,0,3.838,8,8
2026-02-01T18:51:21.800056Z,0x1fc8,0xc0a67c84,0xc0a689d6,0xc0a689e2,0xc0a689e9,0x0,0x0,0xc0a689fc,0xc0a68a04,3232136324,3232139734,3232139746,3232139753,3232139772,3232139780,0,0,3.41,7,8
2026-02-01T18:51:22.764733Z,0x4e7d,0xc0b6b0e3,0xc0b6cd3f,0xc0b6cd86,0xc0b6cd95,0x0,0x0,0xc0b6cda8,0xc0b6cdb5,3233198307,3233205567,3233205638,3233205653,3233205672,3233205685,0,0,7.26,15,13
2026-02-01T18:51:24.309198Z,0x3d83,0xc0c700d8,0xc0c71ba2,0xc0c71bd5,0xc0c71bde,0x0,0x0,0xc0c71bf0,0xc0c71bf8,3234267352,3234274210,3234274261,3234274270,3234274288,3234274296,0,0,6.858,9,8
2026-02-01T18:51:25.268093Z,0x4b05,0xc0d7414c,0xc0d7507f,0xc0d7508c,0xc0d75096,0x0,0x0,0xc0d750a8,0xc0d750b3,3235332428,3235336319,3235336332,3235336342,3235336360,3235336371,0,0,3.891,10,11
2026-02-01T18:51:26.224080Z,0x28a0,0xc0e78981,0xc0e79744,0xc0e79772,0xc0e79779,0x0,0x0,0xc0e7978b,0xc0e79792,3236399489,3236403012,3236403058,3236403065,3236403083,3236403090,0,0,3.523,7,7
2026-02-01T18:51:27.180016Z,0x24c2,0xc0f7c1f9,0xc0f7cf7f,0xc0f7cfc8,0xc0f7cfd2,0x0,0x0,0xc0f7cfe8,0xc0f7cff2,3237462521,3237465983,3237466056,3237466066,3237466088,3237466098,0,0,3.462,10,10
2026-02-01T18:51:28.150578Z,0x5ee8,0xc1080261,0xc1080e2b,0xc1080e75,0xc1080e7d,0x0,0x0,0xc1080e8f,0xc1080e98,3238527585,3238530603,3238530677,3238530685,3238530703,3238530712,0,0,3.018,8,9
2026-02-01T18:51:29.693335Z,0x4bf4,0xc1184a7f,0xc118552b,0xc1185553,0xc118555b,0x0,0x0,0xc118556d,0xc1185574,3239594623,3239597355,3239597395,3239597403,3239597421,3239597428,0,0,2.732,8,7
2026-02-01T18:51:30.651965Z,0x25f6,0xc1287f1e,0xc128884f,0xc1288899,0xc12888a3,0x0,0x0,0xc12888b6,0xc12888be,3240656670,3240659023,3240659097,3240659107,3240659126,3240659134,0,0,2.353,10,8
2026-02-01T18:51:31.604221Z,0x768d,0xc138b01f,0xc138c225,0xc138c257,0xc138c260,0x0,0x0,0xc138c272,0xc138c27a,3241717791,3241722405,3241722455,3241722464,3241722482,3241722490,0,0,4.614,9,8
2026-02-01T18:51:32.559949Z,0x1e00,0xc14907db,0xc1491871,0xc14918b9,0xc14918c2,0x0,0x0,0xc14918d3,0xc14918dc,3242788827,3242793073,3242793145,3242793154,3242793171,3242793180,0,0,4.246,9,9
2026-02-01T18:51:33.511938Z,0x5240,0xc1593c9d,0xc1594b81,0xc1594bae,0xc1594bb6,0x0,0x0,0xc1594bc9,0xc1594bd0,3243850909,3243854721,3243854766,3243854774,3243854793,3243854800,0,0,3.812,8,7
2026-02-01T18:51:34.463880Z,0x3f8a,0xc169752a,0xc16982b4,0xc16982fd,0xc1698304,0x0,0x0,0xc1698317,0xc169831d,3244913962,3244917428,3244917501,3244917508,3244917527,3244917533,0,0,3.466,7,6
2026-02-01T18:51:36.001291Z,0x6744,0xc179b19d,0xc179be01,0xc179be4b,0xc179be56,0x0,0x0,0xc179be69,0xc179be76,3245978013,3245981185,3245981259,3245981270,3245981289,3245981302,0,0,3.172,11,13
2026-02-01T18:51:36.959995Z,0x5be9,0xc189f9b8,0xc18a0662,0xc18a06aa,0xc18a06b5,0x0,0x0,0xc18a06c7,0xc18a06d5,3247045048,3247048290,3247048362,3247048373,3247048391,3247048405,0,0,3.242,11,14
2026-02-01T18:51:37.916078Z,0x4967,0xc19a35fa,0xc19a44ed,0xc19a4507,0xc19a4510,0x0,0x0,0xc19a4522,0xc19a452d,3248109050,3248112877,3248112903,3248112912,3248112930,3248112941,0,0,3.827,9,11
2026-02-01T18:51:38.872327Z,0x417d,0xc1aa62e5,0xc1aa706f,0xc1aa70b7,0xc1aa70bf,0x0,0x0,0xc1aa70d1,0xc1aa70da,3249169125,3249172591,3249172663,3249172671,3249172689,3249172698,0,0,3.466,8,9
2026-02-01T18:51:39.830418Z,0x40ff,0xc1ba9b8c,0xc1bab078,0xc1bab0c1,0xc1bab0cd,0x0,0x0,0xc1bab0e0,0xc1bab0e9,3250232204,3250237560,3250237633,3250237645,3250237664,3250237673,0,0,5.356,12,9
2026-02-01T18:51:41.368417Z,0x4910,0xc1cadf93,0xc1caf32a,0xc1caf372,0xc1caf37b,0x0,0x0,0xc1caf38e,0xc1caf396,3251298195,3251303210,3251303282,3251303291,3251303310,3251303318,0,0,5.015,9,8
2026-02-01T18:51:42.320107Z,0x58cf,0xc1db27c4,0xc1db32d9,0xc1db3321,0xc1db3327,0x0,0x0,0xc1db333a,0xc1db3342,3252365252,3252368089,3252368161,3252368167,3252368186,3252368194,0,0,2.837,6,8
2026-02-01T18:51:43.276049Z,0x7cac,0xc1eb6052,0xc1eb69ad,0xc1eb69cb,0xc1eb69d4,0x0,0x0,0xc1eb69e7,0xc1eb69ef,3253428306,3253430701,3253430731,3253430740,3253430759,3253430767,0,0,2.395,9,8
2026-02-01T18:51:44.239520Z,0x6062,0xc1fb9506,0xc1fba19c,0xc1fba1a7,0xc1fba1af,0x0,0x0,0xc1fba1c1,0xc1fba1ca,3254490374,3254493596,3254493607,3254493615,3254493633,3254493642,0,0,3.222,8,9
2026-02-01T18:51:45.191997Z,0x1766,0xc20bcd9d,0xc20bd8a8,0xc20bd8dc,0xc20bd8e5,0x0,0x0,0xc20bd8f8,0xc20bd900,3255553437,3255556264,3255556316,3255556325,3255556344,3255556352,0,0,2.827,9,8
2026-02-01T18:51:46.156114Z,0x7446,0xc21c0a10,0xc21c152e,0xc21c153b,0xc21c1542,0x0,0x0,0xc21c1555,0xc21c155c,3256617488,3256620334,3256620347,3256620354,3256620373,3256620380,0,0,2.846,7,7
2026-02-01T18:51:47.771654Z,0x1c01,0xc22c6211,0xc22c6b61,0xc22c6b9a,0xc22c6ba3,0x0,0x0,0xc22c6bb6,0xc22c6bbf,3257688593,3257690977,3257691034,3257691043,3257691062,3257691071,0,0,2.384,9,9
2026-02-01T18:51:48.732003Z,0x716e,0xc23c8eaa,0xc23c9923,0xc23c996b,0xc23c9973,0x0,0x0,0xc23c9986,0xc23c998f,3258748586,3258751267,3258751339,3258751347,3258751366,3258751375,0,0,2.681,8,9
2026-02-01T18:51:49.687050Z,0x6701,0xc24cbba8,0xc24cc462,0xc24cc48f,0xc24cc498,0x0,0x0,0xc24cc4aa,0xc24cc4b2,3259808680,3259810914,3259810959,3259810968,3259810986,3259810994,0,0,2.234,9,8
2026-02-01T18:51:50.651033Z,0x285,0xc25cf407,0xc25d05c0,0xc25d0608,0xc25d0612,0x0,0x0,0xc25d0624,0xc25d062c,3260871687,3260876224,3260876296,3260876306,3260876324,3260876332,0,0,4.537,10,8
2026-02-01T18:51:51.612599Z,0x6378,0xc26d28a4,0xc26d37ea,0xc26d3835,0xc26d384d,0x0,0x0,0xc26d3863,0xc26d3877,3261933732,3261937642,3261937717,3261937741,3261937763,3261937783,0,0,3.91,24,20
2026-02-01T18:51:52.571768Z,0x40f1,0xc27d5d51,0xc27d6a6f,0xc27d6a91,0xc27d6a9f,0x0,0x0,0xc27d6ab2,0xc27d6ac1,3262995793,3262999151,3262999185,3262999199,3262999218,3262999233,0,0,3.358,14,15
2026-02-01T18:51:54.113284Z,0x6fad,0xc28da96d,0xc28db485,0xc28db4cf,0xc28db4d9,0x0,0x0,0xc28db4eb,0xc28db4f6,3264063853,3264066693,3264066767,3264066777,3264066795,3264066806,0,0,2.84,10,11
2026-02-01T18:51:55.072018Z,0xbb3,0xc29de612,0xc29def6f,0xc29def9e,0xc29defa8,0x0,0x0,0xc29defbb,0xc29defc3,3265127954,3265130351,3265130398,3265130408,3265130427,3265130435,0,0,2.397,10,8
2026-02-01T18:51:56.028287Z,0x4b27,0xc2ae2dff,0xc2ae3f3d,0xc2ae3f47,0xc2ae3f53,0x0,0x0,0xc2ae3f66,0xc2ae3f73,3266194943,3266199357,3266199367,3266199379,3266199398,3266199411,0,0,4.414,12,13
2026-02-01T18:51:56.980033Z,0x1c7d,0xc2be7287,0xc2be81e8,0xc2be8233,0xc2be8249,0x0,0x0,0xc2be825f,0xc2be8274,3267261063,3267265000,3267265075,3267265097,3267265119,3267265140,0,0,3.937,22,21
2026-02-01T18:51:57.944584Z,0x5c9a,0xc2cea6e6,0xc2ceb6ef,0xc2ceb6f6,0xc2ceb705,0x0,0x0,0xc2ceb719,0xc2ceb727,3268323046,3268327151,3268327158,3268327173,3268327193,3268327207,0,0,4.105,15,14
2026-02-01T18:51:59.479230Z,0x3873,0xc2deef2e,0xc2defde9,0xc2defe33,0xc2defe3d,0x0,0x0,0xc2defe50,0xc2defe5b,3269390126,3269393897,3269393971,3269393981,3269394000,3269394011,0,0,3.771,10,11
2026-02-01T18:52:00.436111Z,0x274f,0xc2ef3b76,0xc2ef4590,0xc2ef459b,0xc2ef45b4,0x0,0x0,0xc2ef45c9,0xc2ef45de,3270458230,3270460816,3270460827,3270460852,3270460873,3270460894,0,0,2.586,25,21
2026-02-01T18:52:01.396041Z,0x76ed,0xc2ff6054,0xc2ff690f,0xc2ff6946,0xc2ff6956,0x0,0x0,0xc2ff696a,0xc2ff6977,3271516244,3271518479,3271518534,3271518550,3271518570,3271518583,0,0,2.235,16,13
2026-02-01T18:52:02.353743Z,0x6eac,0xc30f90f4,0xc30fb424,0xc30fb458,0xc30fb465,0x0,0x0,0xc30fb479,0xc30fb487,3272577268,3272586276,3272586328,3272586341,3272586361,3272586375,0,0,9.008,13,14
2026-02-01T18:52:03.312007Z,0x554d,0xc31fc981,0xc31feb4e,0xc31feb97,0xc31feba2,0x0,0x0,0xc31febb5,0xc31febc0,3273640321,3273648974,3273649047,3273649058,3273649077,3273649088,0,0,8.653,11,11
2026-02-01T18:52:04.263987Z,0x1081,0xc3301d6e,0xc33035bf,0xc33035f1,0xc3303608,0x0,0x0,0xc330361d,0xc3303631,3274710382,3274716607,3274716657,3274716680,3274716701,3274716721,0,0,6.225,23,20
2026-02-01T18:52:05.801550Z,0x3ae8,0xc3406db2,0xc3408411,0xc3408418,0xc3408429,0x0,0x0,0xc340843d,0xc340844c,3275779506,3275785233,3275785240,3275785257,3275785277,3275785292,0,0,5.727,17,15
2026-02-01T18:52:06.764166Z,0x1c55,0xc350bd64,0xc350c85b,0xc350c8a4,0xc350c8b0,0x0,0x0,0xc350c8c3,0xc350c8ce,3276848484,3276851291,3276851364,3276851376,3276851395,3276851406,0,0,2.807,12,11
2026-02-01T18:52:07.715972Z,0x1845,0xc36105c6,0xc361167a,0xc36116aa,0xc36116c2,0x0,0x0,0xc36116d7,0xc36116ed,3277915590,3277919866,3277919914,3277919938,3277919959,3277919981,0,0,4.276,24,22
2026-02-01T18:52:08.677862Z,0x5bcd,0xc37151ba,0xc3715af8,0xc3715b42,0xc3715b4f,0x0,0x0,0xc3715b62,0xc3715b74,3278983610,3278985976,3278986050,3278986063,3278986082,3278986100,0,0,2.366,13,18
2026-02-01T18:52:09.638875Z,0x2a9e,0xc381825c,0xc3818b6e,0xc3818bb8,0xc3818bc2,0x0,0x0,0xc3818bd5,0xc3818bdf,3280044636,3280046958,3280047032,3280047042,3280047061,3280047071,0,0,2.322,10,10
2026-02-01T18:52:11.184661Z,0x2b4d,0xc391af79,0xc391c215,0xc391c23e,0xc391c24c,0x0,0x0,0xc391c25f,0xc391c26b,3281104761,3281109525,3281109566,3281109580,3281109599,3281109611,0,0,4.764,14,12
2026-02-01T18:52:12.140102Z,0xb3a,0xc3a1fb5f,0xc3a20c93,0xc3a20cc3,0xc3a20ccb,0x0,0x0,0xc3a20cdd,0xc3a20ce6,3282172767,3282177171,3282177219,3282177227,3282177245,3282177254,0,0,4.404,8,9
2026-02-01T18:52:13.107725Z,0x7d1c,0xc3b23801,0xc3b246ca,0xc3b24714,0xc3b2472a,0x0,0x0,0xc3b2473f,0xc3b24753,3283236865,3283240650,3283240724,3283240746,3283240767,3283240787,0,0,3.785,22,20
2026-02-01T18:52:14.064013Z,0x6cb6,0xc3c2743e,0xc3c281c3,0xc3c2820b,0xc3c28214,0x0,0x0,0xc3c28226,0xc3c28232,3284300862,3284304323,3284304395,3284304404,3284304422,3284304434,0,0,3.461,9,12
2026-02-01T18:52:15.019975Z,0xbdb,0xc3d2b09c,0xc3d2c606,0xc3d2c64f,0xc3d2c659,0x0,0x0,0xc3d2c66e,0xc3d2c679,3285364892,3285370374,3285370447,3285370457,3285370478,3285370489,0,0,5.482,10,11
2026-02-01T18:52:15.979904Z,0x48f8,0xc3e308a9,0xc3e31bcd,0xc3e31bfe,0xc3e31c16,0x0,0x0,0xc3e31c2c,0xc3e31c3f,3286436009,3286440909,3286440958,3286440982,3286441004,3286441023,0,0,4.9,24,19
2026-02-01T18:52:17.521003Z,0x13e4,0xc3f34121,0xc3f358c0,0xc3f358c7,0xc3f358d6,0x0,0x0,0xc3f358ea,0xc3f358fa,3287499041,3287505088,3287505095,3287505110,3287505130,3287505146,0,0,6.047,15,16
2026-02-01T18:52:18.480070Z,0x25ab,0xc4038d0b,0xc403a349,0xc403a384,0xc403a395,0x0,0x0,0xc403a3aa,0xc403a3b8,3288567051,3288572745,3288572804,3288572821,3288572842,3288572856,0,0,5.694,17,14
2026-02-01T18:52:19.431903Z,0x23a,0xc413c9a5,0xc413dcb6,0xc413dd00,0xc413dd0e,0x0,0x0,0xc413dd21,0xc413dd2f,3289631141,3289636022,3289636096,3289636110,3289636129,3289636143,0,0,4.881,14,14
2026-02-01T18:52:20.387901Z,0x309f,0xc424119a,0xc4242333,0xc424237c,0xc4242385,0x0,0x0,0xc4242398,0xc42423a5,3290698138,3290702643,3290702716,3290702725,3290702744,3290702757,0,0,4.505,9,13
2026-02-01T18:52:21.343966Z,0x48bd,0xc4344a35,0xc4345a09,0xc4345a53,0xc4345a6a,0x0,0x0,0xc4345a7f,0xc4345a93,3291761205,3291765257,3291765331,3291765354,3291765375,3291765395,0,0,4.052,23,20
2026-02-01T18:52:22.891444Z,0x3138,0xc4448a97,0xc44498ca,0xc44498cf,0xc44498d8,0x0,0x0,0xc44498eb,0xc44498f8,3292826263,3292829898,3292829903,3292829912,3292829931,3292829944,0,0,3.635,9,13
2026-02-01T18:52:23.852444Z,0x1646,0xc454c343,0xc454e346,0xc454e37f,0xc454e396,0x0,0x0,0xc454e3ab,0xc454e3c0,3293889347,3293897542,3293897599,3293897622,3293897643,3293897664,0,0,8.195,23,21
2026-02-01T18:52:24.820433Z,0x6001,0xc465075e,0xc4652613,0xc465265d,0xc465266c,0x0,0x0,0xc4652680,0xc4652690,3294955358,3294963219,3294963293,3294963308,3294963328,3294963344,0,0,7.861,15,16
2026-02-01T18:52:25.789034Z,0x787d,0xc4754f8c,0xc47563a4,0xc47563ee,0xc47563fc,0x0,0x0,0xc4756410,0xc475641d,3296022412,3296027556,3296027630,3296027644,3296027664,3296027677,0,0,5.144,14,13
2026-02-01T18:52:26.755893Z,0x2d64,0xc4858431,0xc4859667,0xc485966c,0xc4859677,0x0,0x0,0xc485968a,0xc4859696,3297084465,3297089127,3297089132,3297089143,3297089162,3297089174,0,0,4.662,11,12
2026-02-01T18:52:27.708004Z,0x2117,0xc495b8e0,0xc495cefd,0xc495cf46,0xc495cf51,0x0,0x0,0xc495cf64,0xc495cf6e,3298146528,3298152189,3298152262,3298152273,3298152292,3298152302,0,0,5.661,11,10
2026-02-01T18:52:29.249322Z,0x5031,0xc4a604eb,0xc4a61961,0xc4a6197f,0xc4a61988,0x0,0x0,0xc4a6199b,0xc4a619a8,3299214571,3299219809,3299219839,3299219848,3299219867,3299219880,0,0,5.238,9,13
2026-02-01T18:52:30.208286Z,0x4d16,0xc4b63da0,0xc4b647c3,0xc4b647ca,0xc4b647d5,0x0,0x0,0xc4b647e7,0xc4b647ef,3300277664,3300280259,3300280266,3300280277,3300280295,3300280303,0,0,2.595,11,8
2026-02-01T18:52:31.165772Z,0x4816,0xc4c66e29,0xc4c676bb,0xc4c676fc,0xc4c67705,0x0,0x0,0xc4c67718,0xc4c67722,3301338665,3301340859,3301340924,3301340933,3301340952,3301340962,0,0,2.194,9,10
2026-02-01T18:52:32.120080Z,0x5482,0xc4d6a315,0xc4d6bc4c,0xc4d6bc94,0xc4d6bc9f,0x0,0x0,0xc4d6bcb1,0xc4d6bcbb,3302400789,3302407244,3302407316,3302407327,3302407345,3302407355,0,0,6.455,11,10
2026-02-01T18:52:33.080012Z,0xc03,0xc4e6fe80,0xc4e71619,0xc4e7161e,0xc4e71627,0x0,0x0,0xc4e7163a,0xc4e71645,3303472768,3303478809,3303478814,3303478823,3303478842,3303478853,0,0,6.041,9,11
2026-02-01T18:52:34.613221Z,0x3ffe,0xc4f73b14,0xc4f753ac,0xc4f753f5,0xc4f753fd,0x0,0x0,0xc4f7540f,0xc4f75419,3304536852,3304543148,3304543221,3304543229,3304543247,3304543257,0,0,6.296,8,10
2026-02-01T18:52:35.572110Z,0x21c5,0xc5077bab,0xc5079280,0xc50792c9,0xc50792d4,0x0,0x0,0xc50792e7,0xc50792f0,3305601963,3305607808,3305607881,3305607892,3305607911,3305607920,0,0,5.845,11,9
2026-02-01T18:52:36.524124Z,0x28ae,0xc517c379,0xc517d664,0xc517d6ac,0xc517d6b7,0x0,0x0,0xc517d6c9,0xc517d6d3,3306668921,3306673764,3306673836,3306673847,3306673865,3306673875,0,0,4.843,11,10
2026-02-01T18:52:37.480069Z,0x796b,0xc52807df,0xc528191b,0xc5281965,0xc5281970,0x0,0x0,0xc5281983,0xc528198d,3307735007,3307739419,3307739493,3307739504,3307739523,3307739533,0,0,4.412,11,10
2026-02-01T18:52:38.436939Z,0x7725,0xc538485f,0xc53857c4,0xc5385809,0xc5385812,0x0,0x0,0xc5385825,0xc538582e,3308800095,3308804036,3308804105,3308804114,3308804133,3308804142,0,0,3.941,9,9
2026-02-01T18:52:39.392043Z,0x613d,0xc5488887,0xc5489683,0xc54896b4,0xc54896bb,0x0,0x0,0xc54896ce,0xc54896d4,3309865095,3309868675,3309868724,3309868731,3309868750,3309868756,0,0,3.58,7,6
2026-02-01T18:52:41.011655Z,0x1436,0xc558c53c,0xc558d3fe,0xc558d447,0xc558d451,0x0,0x0,0xc558d464,0xc558d470,3310929212,3310932990,3310933063,3310933073,3310933092,3310933104,0,0,3.778,10,12
2026-02-01T18:52:41.963993Z,0x427e,0xc568f995,0xc56906ae,0xc56906cb,0xc56906d2,0x0,0x0,0xc56906e4,0xc56906ef,3311991189,3311994542,3311994571,3311994578,3311994596,3311994607,0,0,3.353,7,11
2026-02-01T18:52:42.916140Z,0x5752,0xc57935f4,0xc5794dfc,0xc5794e1c,0xc5794e27,0x0,0x0,0xc5794e3a,0xc5794e44,3313055220,3313061372,3313061404,3313061415,3313061434,3313061444,0,0,6.152,11,10
2026-02-01T18:52:43.875340Z,0x3edd,0xc589824d,0xc5899878,0xc58998bf,0xc58998c9,0x0,0x0,0xc58998da,0xc58998e3,3314123341,3314129016,3314129087,3314129097,3314129114,3314129123,0,0,5.675,10,9
2026-02-01T18:52:44.834890Z,0x386f,0xc599c2be,0xc599d55e,0xc599d576,0xc599d580,0x0,0x0,0xc599d593,0xc599d59d,3315188414,3315193182,3315193206,3315193216,3315193235,3315193245,0,0,4.768,10,10
2026-02-01T18:52:45.804643Z,0x74a8,0xc5aa16c0,0xc5aa27f5,0xc5aa283d,0xc5aa2846,0x0,0x0,0xc5aa2858,0xc5aa2861,3316258496,3316262901,3316262973,3316262982,3316263000,3316263009,0,0,4.405,9,9
2026-02-01T18:52:47.341380Z,0x2fde,0xc5ba4b0d,0xc5ba5a6f,0xc5ba5ab9,0xc5ba5ac3,0x0,0x0,0xc5ba5ad6,0xc5ba5ae0,3317320461,3317324399,3317324473,3317324483,3317324502,3317324512,0,0,3.938,10,10
2026-02-01T18:52:48.300195Z,0x7847,0xc5ca7bf0,0xc5ca8975,0xc5ca89be,0xc5ca89c7,0x0,0x0,0xc5ca89da,0xc5ca89e2,3318381552,3318385013,3318385086,3318385095,3318385114,3318385122,0,0,3.461,9,8
2026-02-01T18:52:49.251982Z,0x75f3,0xc5dab486,0xc5dac349,0xc5dac392,0xc5dac39b,0x0,0x0,0xc5dac3af,0xc5dac3ba,3319444614,3319448393,3319448466,3319448475,3319448495,3319448506,0,0,3.779,9,11
2026-02-01T18:52:50.208093Z,0x3f55,0xc5eaed1d,0xc5eafa4a,0xc5eafa63,0xc5eafa6c,0x0,0x0,0xc5eafa7f,0xc5eafa86,3320507677,3320511050,3320511075,3320511084,3320511103,3320511110,0,0,3.373,9,7
2026-02-01T18:52:51.164017Z,0x254e,0xc5fb259e,0xc5fb30f3,0xc5fb30fe,0xc5fb3107,0x0,0x0,0xc5fb311a,0xc5fb3124,3321570718,3321573619,3321573630,3321573639,3321573658,3321573668,0,0,2.901,9,10
2026-02-01T18:52:52.705364Z,0x1e10,0xc60b5a16,0xc60b646c,0xc60b64b4,0xc60b64be,0x0,0x0,0xc60b64d1,0xc60b64db,3322632726,3322635372,3322635444,3322635454,3322635473,3322635483,0,0,2.646,10,10
2026-02-01T18:52:53.664067Z,0x6700,0xc61b8ad3,0xc61b95d2,0xc61b961b,0xc61b9624,0x0,0x0,0xc61b9637,0xc61b9640,3323693779,3323696594,3323696667,3323696676,3323696695,3323696704,0,0,2.815,9,9
2026-02-01T18:52:54.629544Z,0x1551,0xc62bdac3,0xc62be3fd,0xc62be445,0xc62be450,0x0,0x0,0xc62be463,0xc62be46b,3324762819,3324765181,3324765253,3324765264,3324765283,3324765291,0,0,2.362,11,8
2026-02-01T18:52:55.591779Z,0x6b,0xc63c0fa1,0xc63c1a15,0xc63c1a5d,0xc63c1a65,0x0,0x0,0xc63c1a78,0xc63c1a7f,3325824929,3325827605,3325827677,3325827685,3325827704,3325827711,0,0,2.676,8,7
2026-02-01T18:52:56.548184Z,0x74be,0xc64c4415,0xc64c4d4f,0xc64c4d98,0xc64c4da1,0x0,0x0,0xc64c4db3,0xc64c4dba,3326886933,3326889295,3326889368,3326889377,3326889395,3326889402,0,0,2.362,9,7
2026-02-01T18:52:57.505578Z,0x7b4f,0xc65c6cf8,0xc65c7879,0xc65c78c3,0xc65c78cb,0x0,0x0,0xc65c78de,0xc65c78e7,3327945976,3327948921,3327948995,3327949003,3327949022,3327949031,0,0,2.945,8,9
2026-02-01T18:52:59.047672Z,0x3819,0xc66ca96c,0xc66cb357,0xc66cb362,0xc66cb369,0x0,0x0,0xc66cb37c,0xc66cb385,3329010028,3329012567,3329012578,3329012585,3329012604,3329012613,0,0,2.539,7,9
2026-02-01T18:53:00.007932Z,0x7560,0xc67ce607,0xc67cf579,0xc67cf5b2,0xc67cf5bb,0x0,0x0,0xc67cf5ce,0xc67cf5d8,3330074119,3330078073,3330078130,3330078139,3330078158,3330078168,0,0,3.954,9,10
2026-02-01T18:53:00.970329Z,0xf9b,0xc68d1ac4,0xc68d2a41,0xc68d2a8a,0xc68d2a93,0x0,0x0,0xc68d2aa6,0xc68d2ab0,3331136196,3331140161,3331140234,3331140243,3331140262,3331140272,0,0,3.965,9,10
2026-02-01T18:53:01.928005Z,0x2fb7,0xc69d573b,0xc69d6f6c,0xc69d6f81,0xc69d6f8c,0x0,0x0,0xc69d6f9e,0xc69d6fa9,3332200251,3332206444,3332206465,3332206476,3332206494,3332206505,0,0,6.193,11,11
2026-02-01T18:53:02.884607Z,0x3474,0xc6ad936b,0xc6adaa3b,0xc6adaa62,0xc6adaa6c,0x0,0x0,0xc6adaa7f,0xc6adaa8a,3333264235,3333270075,3333270114,3333270124,3333270143,3333270154,0,0,5.84,10,11
2026-02-01T18:53:03.854878Z,0x7a48,0xc6bdcff9,0xc6bdde13,0xc6bdde43,0xc6bdde4c,0x0,0x0,0xc6bdde5e,0xc6bdde67,3334328313,3334331923,3334331971,3334331980,3334331998,3334332007,0,0,3.61,9,9
2026-02-01T18:53:05.469436Z,0x77d,0xc6ce08b1,0xc6ce1503,0xc6ce154c,0xc6ce1555,0x0,0x0,0xc6ce1568,0xc6ce1572,3335391409,3335394563,3335394636,3335394645,3335394664,3335394674,0,0,3.154,9,10
2026-02-01T18:53:06.432441Z,0x48fc,0xc6de40ff,0xc6de4d85,0xc6de4d9a,0xc6de4da2,0x0,0x0,0xc6de4db5,0xc6de4dbd,3336454399,3336457605,3336457626,3336457634,3336457653,3336457661,0,0,3.206,8,8
2026-02-01T18:53:07.389655Z,0x717a,0xc6ee75d0,0xc6ee80e5,0xc6ee812e,0xc6ee8138,0x0,0x0,0xc6ee814b,0xc6ee8154,3337516496,3337519333,3337519406,3337519416,3337519435,3337519444,0,0,2.837,10,9
2026-02-01T18:53:08.360009Z,0xf76,0xc6feae54,0xc6fec7a3,0xc6fec7cd,0xc6fec7d7,0x0,0x0,0xc6fec7ec,0xc6fec7f6,3338579540,3338586019,3338586061,3338586071,3338586092,3338586102,0,0,6.479,10,10
2026-02-01T18:53:09.315969Z,0xf79,0xc70eeee7,0xc70f0676,0xc70f06a2,0xc70f06ab,0x0,0x0,0xc70f06bd,0xc70f06c7,3339644647,3339650678,3339650722,3339650731,3339650749,3339650759,0,0,6.031,9,10
2026-02-01T18:53:10.276111Z,0x13d0,0xc71f2b1d,0xc71f3e2e,0xc71f3e46,0xc71f3e4e,0x0,0x0,0xc71f3e61,0xc71f3e69,3340708637,3340713518,3340713542,3340713550,3340713569,3340713577,0,0,4.881,8,8
2026-02-01T18:53:11.820331Z,0x2289,0xc72f5425,0xc72f656c,0xc72f65a4,0xc72f65ae,0x0,0x0,0xc72f65c1,0xc72f65c9,3341767717,3341772140,3341772196,3341772206,3341772225,3341772233,0,0,4.423,10,8
2026-02-01T18:53:12.787761Z,0x59d1,0xc73f8c83,0xc73f9f82,0xc73f9f9f,0xc73f9fa7,0x0,0x0,0xc73f9fb9,0xc73f9fc1,3342830723,3342835586,3342835615,3342835623,3342835641,3342835649,0,0,4.863,8,8
2026-02-01T18:53:13.752302Z,0x4d3c,0xc74fb5a3,0xc74fc6ef,0xc74fc72d,0xc74fc736,0x0,0x0,0xc74fc749,0xc74fc750,3343889827,3343894255,3343894317,3343894326,3343894345,3343894352,0,0,4.428,9,7
2026-02-01T18:53:14.710671Z,0x509f,0xc75ff218,0xc76001b9,0xc76001c4,0xc76001cc,0x0,0x0,0xc76001df,0xc76001e6,3344953880,3344957881,3344957892,3344957900,3344957919,3344957926,0,0,4.001,8,7
2026-02-01T18:53:15.677411Z,0x3d29,0xc7703a7c,0xc77048a7,0xc77048f0,0xc77048f6,0x0,0x0,0xc7704909,0xc7704910,3346020988,3346024615,3346024688,3346024694,3346024713,3346024720,0,0,3.627,6,7
2026-02-01T18:53:16.645661Z,0x6357,0xc7807abd,0xc7809434,0xc780943e,0xc7809446,0x0,0x0,0xc7809458,0xc7809464,3347086013,3347092532,3347092542,3347092550,3347092568,3347092580,0,0,6.519,8,12
2026-02-01T18:53:18.191266Z,0x6a4d,0xc790c29e,0xc790dabc,0xc790dae1,0xc790dae8,0x0,0x0,0xc790dafb,0xc790db05,3348152990,3348159164,3348159201,3348159208,3348159227,3348159237,0,0,6.174,7,10
2026-02-01T18:53:19.148106Z,0x6d36,0xc7a0fb23,0xc7a1076a,0xc7a107a4,0xc7a107ab,0x0,0x0,0xc7a107bd,0xc7a107c6,3349216035,3349219178,3349219236,3349219243,3349219261,3349219270,0,0,3.143,7,9
2026-02-01T18:53:20.111756Z,0x47a8,0xc7b12fec,0xc7b13a83,0xc7b13aa7,0xc7b13ab0,0x0,0x0,0xc7b13ac2,0xc7b13aca,3350278124,3350280835,3350280871,3350280880,3350280898,3350280906,0,0,2.711,9,8
2026-02-01T18:53:21.072119Z,0x3b2,0xc7c15cb2,0xc7c16fc4,0xc7c1700d,0xc7c17017,0x0,0x0,0xc7c17029,0xc7c17035,3351338162,3351343044,3351343117,3351343127,3351343145,3351343157,0,0,4.882,10,12
2026-02-01T18:53:22.030095Z,0x5c3c,0xc7d19cf2,0xc7d1aee2,0xc7d1aefd,0xc7d1af07,0x0,0x0,0xc7d1af1a,0xc7d1af25,3352403186,3352407778,3352407805,3352407815,3352407834,3352407845,0,0,4.592,10,11
2026-02-01T18:53:23.565475Z,0x695c,0xc7e1e53c,0xc7e1f40c,0xc7e1f42c,0xc7e1f433,0x0,0x0,0xc7e1f447,0xc7e1f44f,3353470268,3353474060,3353474092,3353474099,3353474119,3353474127,0,0,3.792,7,8
2026-02-01T18:53:24.528032Z,0x1113,0xc7f219c1,0xc7f22733,0xc7f2277c,0xc7f22786,0x0,0x0,0xc7f22799,0xc7f227a3,3354532289,3354535731,3354535804,3354535814,3354535833,3354535843,0,0,3.442,10,10
2026-02-01T18:53:25.484162Z,0x7e69,0xc8024e7f,0xc8025994,0xc80259de,0xc80259e9,0x0,0x0,0xc80259fc,0xc8025a05,3355594367,3355597204,3355597278,3355597289,3355597308,3355597317,0,0,2.837,11,9
2026-02-01T18:53:26.440643Z,0x6830,0xc8128b4e,0xc8129495,0xc81294de,0xc81294e8,0x0,0x0,0xc81294fb,0xc8129505,3356658510,3356660885,3356660958,3356660968,3356660987,3356660997,0,0,2.375,10,10
2026-02-01T18:53:27.403023Z,0xcf4,0xc822bbb4,0xc822ce27,0xc822ce70,0xc822ce7a,0x0,0x0,0xc822ce8d,0xc822ce97,3357719476,3357724199,3357724272,3357724282,3357724301,3357724311,0,0,4.723,10,10
2026-02-01T18:53:28.359939Z,0x5a6d,0xc832f84c,0xc8330902,0xc8330934,0xc833093c,0x0,0x0,0xc833094e,0xc8330957,3358783564,3358787842,3358787892,3358787900,3358787918,3358787927,0,0,4.278,8,9
2026-02-01T18:53:29.897365Z,0x27d,0xc843292e,0xc8433793,0xc84337ab,0xc84337b3,0x0,0x0,0xc84337c6,0xc84337cf,3359844654,3359848339,3359848363,3359848371,3359848390,3359848399,0,0,3.685,8,9
2026-02-01T18:53:30.860447Z,0x11a2,0xc853618c,0xc8536ef6,0xc8536f3f,0xc8536f48,0x0,0x0,0xc8536f5b,0xc8536f64,3360907660,3360911094,3360911167,3360911176,3360911195,3360911204,0,0,3.434,9,9
2026-02-01T18:53:31.813891Z,0x213f,0xc8639257,0xc863a249,0xc863a292,0xc863a29c,0x0,0x0,0xc863a2af,0xc863a2bc,3361968727,3361972809,3361972882,3361972892,3361972911,3361972924,0,0,4.082,10,13
2026-02-01T18:53:32.772005Z,0x2c33,0xc873ce91,0xc873dd16,0xc873dd5f,0xc873dd69,0x0,0x0,0xc873dd7c,0xc873dd89,3363032721,3363036438,3363036511,3363036521,3363036540,3363036553,0,0,3.717,10,13
2026-02-01T18:53:33.732033Z,0x47ac,0xc8840f41,0xc8842752,0xc8842773,0xc884277d,0x0,0x0,0xc884278f,0xc884279a,3364097857,3364104018,3364104051,3364104061,3364104079,3364104090,0,0,6.161,10,11
2026-02-01T18:53:34.689424Z,0x2b8a,0xc8944ba2,0xc8946204,0xc8946212,0xc894621c,0x0,0x0,0xc894622f,0xc8946238,3365161890,3365167620,3365167634,3365167644,3365167663,3365167672,0,0,5.73,10,9
2026-02-01T18:53:36.312464Z,0xee0,0xc8a48044,0xc8a492cc,0xc8a492d8,0xc8a492e0,0x0,0x0,0xc8a492f2,0xc8a492fd,3366223940,3366228684,3366228696,3366228704,3366228722,3366228733,0,0,4.744,8,11
2026-02-01T18:53:37.267954Z,0x4669,0xc8b4c453,0xc8b4d549,0xc8b4d58e,0xc8b4d598,0x0,0x0,0xc8b4d5ab,0xc8b4d5b4,3367289939,3367294281,3367294350,3367294360,3367294379,3367294388,0,0,4.342,10,9
2026-02-01T18:53:38.227908Z,0x738b,0xc8c5050d,0xc8c513c8,0xc8c51408,0xc8c5140f,0x0,0x0,0xc8c51421,0xc8c5142a,3368355085,3368358856,3368358920,3368358927,3368358945,3368358954,0,0,3.771,7,9
2026-02-01T18:53:39.191317Z,0x7653,0xc8d56080,0xc8d56dfc,0xc8d56e44,0xc8d56e4d,0x0,0x0,0xc8d56e60,0xc8d56e68,3369427072,3369430524,3369430596,3369430605,3369430624,3369430632,0,0,3.452,9,8
2026-02-01T18:53:40.155184Z,0x521b,0xc8e59938,0xc8e5b394,0xc8e5b3d5,0xc8e5b3e0,0x0,0x0,0xc8e5b3f2,0xc8e5b3fe,3370490168,3370496916,3370496981,3370496992,3370497010,3370497022,0,0,6.748,11,12
2026-02-01T18:53:41.107853Z,0x7416,0xc8f5d587,0xc8f5ee91,0xc8f5eeb5,0xc8f5eebd,0x0,0x0,0xc8f5eecf,0xc8f5eed9,3371554183,3371560593,3371560629,3371560637,3371560655,3371560665,0,0,6.41,8,10
2026-02-01T18:53:42.661088Z,0x5aad,0xc90611fe,0xc90620d4,0xc90620fe,0xc906210c,0x0,0x0,0xc906211f,0xc9062127,3372618238,3372622036,3372622078,3372622092,3372622111,3372622119,0,0,3.798,14,8
2026-02-01T18:53:43.616080Z,0x1571,0xc91646b7,0xc9165439,0xc9165481,0xc916548a,0x0,0x0,0xc916549c,0xc91654a5,3373680311,3373683769,3373683841,3373683850,3373683868,3373683877,0,0,3.458,9,9
2026-02-01T18:53:44.567885Z,0x4c70,0xc9267b1e,0xc926890d,0xc9268955,0xc9268960,0x0,0x0,0xc9268972,0xc926897f,3374742302,3374745869,3374745941,3374745952,3374745970,3374745983,0,0,3.567,11,13
2026-02-01T18:53:45.519928Z,0x385b,0xc936ac17,0xc936bc6d,0xc936bcb5,0xc936bcc1,0x0,0x0,0xc936bcd4,0xc936bce2,3375803415,3375807597,3375807669,3375807681,3375807700,3375807714,0,0,4.182,12,14
2026-02-01T18:53:46.480760Z,0x38ae,0xc946dccc,0xc946ed55,0xc946ed95,0xc946ed9e,0x0,0x0,0xc946edb0,0xc946edbb,3376864460,3376868693,3376868757,3376868766,3376868784,3376868795,0,0,4.233,9,11
2026-02-01T18:53:48.024089Z,0x7ba9,0xc957115c,0xc9572077,0xc95720c0,0xc95720c9,0x0,0x0,0xc95720dc,0xc95720ea,3377926492,3377930359,3377930432,3377930441,3377930460,3377930474,0,0,3.867,9,14
2026-02-01T18:53:48.979896Z,0x5f66,0xc9674a05,0xc96753f1,0xc9675403,0xc9675411,0x0,0x0,0xc9675423,0xc9675431,3378989573,3378992113,3378992131,3378992145,3378992163,3378992177,0,0,2.54,14,14
2026-02-01T18:53:49.932062Z,0x12d2,0xc97776c8,0xc9778091,0xc97780ba,0xc97780c5,0x0,0x0,0xc97780d8,0xc97780e4,3380049608,3380052113,3380052154,3380052165,3380052184,3380052196,0,0,2.505,11,12
2026-02-01T18:53:50.888687Z,0xd07,0xc987ca87,0xc987d9d5,0xc987da1e,0xc987da27,0x0,0x0,0xc987da3a,0xc987da45,3381119623,3381123541,3381123614,3381123623,3381123642,3381123653,0,0,3.918,9,11
2026-02-01T18:53:51.845595Z,0x4e99,0xc99812cf,0xc9982063,0xc9982093,0xc998209a,0x0,0x0,0xc99820ac,0xc99820b6,3382186703,3382190179,3382190227,3382190234,3382190252,3382190262,0,0,3.476,7,10
2026-02-01T18:53:52.815995Z,0x1561,0xc9a847b2,0xc9a854c2,0xc9a854d9,0xc9a854e2,0x0,0x0,0xc9a854f5,0xc9a85501,3383248818,3383252162,3383252185,3383252194,3383252213,3383252225,0,0,3.344,9,12
2026-02-01T18:53:54.353367Z,0x96e,0xc9b87fef,0xc9b88c0e,0xc9b88c55,0xc9b88c5c,0x0,0x0,0xc9b88c6f,0xc9b88c78,3384311791,3384314894,3384314965,3384314972,3384314991,3384315000,0,0,3.103,7,9
2026-02-01T18:53:55.312007Z,0x222d,0xc9c8c459,0xc9c8cecc,0xc9c8cf13,0xc9c8cf1b,0x0,0x0,0xc9c8cf2e,0xc9c8cf38,3385377881,3385380556,3385380627,3385380635,3385380654,3385380664,0,0,2.675,8,10
2026-02-01T18:53:56.268235Z,0x687c,0xc9d8f8f9,0xc9d901fc,0xc9d90243,0xc9d9024c,0x0,0x0,0xc9d9025f,0xc9d90266,3386439929,3386442236,3386442307,3386442316,3386442335,3386442342,0,0,2.307,9,7
2026-02-01T18:53:57.223999Z,0x64f,0xc9e92999,0xc9e943e3,0xc9e94403,0xc9e9440b,0x0,0x0,0xc9e9441e,0xc9e94428,3387500953,3387507683,3387507715,3387507723,3387507742,3387507752,0,0,6.73,8,10
2026-02-01T18:53:58.183550Z,0x2ee7,0xc9f96626,0xc9f97f1e,0xc9f97f65,0xc9f97f6e,0x0,0x0,0xc9f97f81,0xc9f97f8a,3388565030,3388571422,3388571493,3388571502,3388571521,3388571530,0,0,6.392,9,9
2026-02-01T18:53:59.724697Z,0x6c97,0xca099ebf,0xca09ae0c,0xca09ae56,0xca09ae5f,0x0,0x0,0xca09ae72,0xca09ae7d,3389628095,3389632012,3389632086,3389632095,3389632114,3389632125,0,0,3.917,9,11
2026-02-01T18:54:00.687904Z,0x645e,0xca19d395,0xca19e10a,0xca19e152,0xca19e158,0x0,0x0,0xca19e16a,0xca19e172,3390690197,3390693642,3390693714,3390693720,3390693738,3390693746,0,0,3.445,6,8
2026-02-01T18:54:01.652460Z,0x6d41,0xca2a1b76,0xca2a2fc4,0xca2a2feb,0xca2a2ff4,0x0,0x0,0xca2a3007,0xca2a3011,3391757174,3391762372,3391762411,3391762420,3391762439,3391762449,0,0,5.198,9,10
2026-02-01T18:54:02.612233Z,0x1b63,0xca3a4c2e,0xca3a5ef0,0xca3a5f30,0xca3a5f38,0x0,0x0,0xca3a5f4a,0xca3a5f52,3392818222,3392823024,3392823088,3392823096,3392823114,3392823122,0,0,4.802,8,8
2026-02-01T18:54:03.564056Z,0x2347,0xca4a984e,0xca4aa2b0,0xca4aa2f8,0xca4aa300,0x0,0x0,0xca4aa313,0xca4aa31b,3393886286,3393888944,3393889016,3393889024,3393889043,3393889051,0,0,2.658,8,8
2026-02-01T18:54:04.520912Z,0x552d,0xca5acd50,0xca5ad5e0,0xca5ad627,0xca5ad62f,0x0,0x0,0xca5ad643,0xca5ad64b,3394948432,3394950624,3394950695,3394950703,3394950723,3394950731,0,0,2.192,8,8
2026-02-01T18:54:06.065360Z,0x21ec,0xca6b019e,0xca6b13c2,0xca6b1402,0xca6b140a,0x0,0x0,0xca6b141c,0xca6b1423,3396010398,3396015042,3396015106,3396015114,3396015132,3396015139,0,0,4.644,8,7
2026-02-01T18:54:07.024028Z,0x5b4f,0xca7b4dd0,0xca7b5e4d,0xca7b5e94,0xca7b5e9d,0x0,0x0,0xca7b5eb0,0xca7b5eb8,3397078480,3397082701,3397082772,3397082781,3397082800,3397082808,0,0,4.221,9,8
2026-02-01T18:54:07.980019Z,0x6428,0xca8b920d,0xca8ba342,0xca8ba366,0xca8ba36f,0x0,0x0,0xca8ba381,0xca8ba38b,3398144525,3398148930,3398148966,3398148975,3398148993,3398149003,0,0,4.405,9,10
2026-02-01T18:54:08.932474Z,0x79a7,0xca9be9de,0xca9bf755,0xca9bf79d,0xca9bf7a4,0x0,0x0,0xca9bf7b6,0xca9bf7bf,3399215582,3399219029,3399219101,3399219108,3399219126,3399219135,0,0,3.447,7,9
2026-02-01T18:54:09.888072Z,0x8b5,0xcaac1b50,0xcaac31e7,0xcaac322e,0xcaac323a,0x0,0x0,0xcaac324d,0xcaac3259,3400276816,3400282599,3400282670,3400282682,3400282701,3400282713,0,0,5.783,12,12
2026-02-01T18:54:11.431291Z,0x2ee2,0xcabc56fa,0xcabc6c55,0xcabc6c9c,0xcabc6ca5,0x0,0x0,0xcabc6cb7,0xcabc6cc3,3401340666,3401346133,3401346204,3401346213,3401346231,3401346243,0,0,5.467,9,12
2026-02-01T18:54:12.392067Z,0x207e,0xcacc8f73,0xcacc9ead,0xcacc9ef5,0xcacc9eff,0x0,0x0,0xcacc9f12,0xcacc9f1b,3402403699,3402407597,3402407669,3402407679,3402407698,3402407707,0,0,3.898,10,9
2026-02-01T18:54:13.360100Z,0x3783,0xcadcc41f,0xcadcd18d,0xcadcd1d5,0xcadcd1df,0x0,0x0,0xcadcd1f2,0xcadcd1fb,3403465759,3403469197,3403469269,3403469279,3403469298,3403469307,0,0,3.438,10,9
2026-02-01T18:54:14.316197Z,0x227d,0xcaed04c3,0xcaed1c10,0xcaed1c36,0xcaed1c43,0x0,0x0,0xcaed1c55,0xcaed1c5f,3404530883,3404536848,3404536886,3404536899,3404536917,3404536927,0,0,5.965,13,10
2026-02-01T18:54:15.268001Z,0x7097,0xcafd5476,0xcafd6a6d,0xcafd6ab5,0xcafd6abe,0x0,0x0,0xcafd6ad1,0xcafd6adb,3405599862,3405605485,3405605557,3405605566,3405605585,3405605595,0,0,5.623,9,10
2026-02-01T18:54:16.225116Z,0x46a0,0xcb0d88f9,0xcb0d9462,0xcb0d94aa,0xcb0d94b4,0x0,0x0,0xcb0d94c7,0xcb0d94d1,3406661881,3406664802,3406664874,3406664884,3406664903,3406664913,0,0,2.921,10,10
2026-02-01T18:54:17.765268Z,0x7538,0xcb1dd12f,0xcb1ddad2,0xcb1ddb1a,0xcb1ddb24,0x0,0x0,0xcb1ddb37,0xcb1ddb41,3407728943,3407731410,3407731482,3407731492,3407731511,3407731521,0,0,2.467,10,10
2026-02-01T18:54:18.728595Z,0x5769,0xcb2e09be,0xcb2e23fc,0xcb2e2443,0xcb2e244b,0x0,0x0,0xcb2e245d,0xcb2e2466,3408791998,3408798716,3408798787,3408798795,3408798813,3408798822,0,0,6.718,8,9
2026-02-01T18:54:19.687960Z,0x29ea,0xcb3e429e,0xcb3e5b05,0xcb3e5b4c,0xcb3e5b55,0x0,0x0,0xcb3e5b68,0xcb3e5b70,3409855134,3409861381,3409861452,3409861461,3409861480,3409861488,0,0,6.247,9,8
2026-02-01T18:54:20.639981Z,0x7625,0xcb4e732e,0xcb4e863a,0xcb4e8664,0xcb4e866c,0x0,0x0,0xcb4e867e,0xcb4e8687,3410916142,3410921018,3410921060,3410921068,3410921086,3410921095,0,0,4.876,8,9
2026-02-01T18:54:21.596845Z,0x187,0xcb5ea3c8,0xcb5eb566,0xcb5eb5ae,0xcb5eb5b7,0x0,0x0,0xcb5eb5ca,0xcb5eb5d2,3411977160,3411981670,3411981742,3411981751,3411981770,3411981778,0,0,4.51,9,8
2026-02-01T18:54:23.137411Z,0x795,0xcb6ee054,0xcb6eeb58,0xcb6eeb9f,0xcb6eeba6,0x0,0x0,0xcb6eebb9,0xcb6eebc2,3413041236,3413044056,3413044127,3413044134,3413044153,3413044162,0,0,2.82,7,9
2026-02-01T18:54:24.091919Z,0x51d6,0xcb7f2097,0xcb7f2a2d,0xcb7f2a74,0xcb7f2a7e,0x0,0x0,0xcb7f2a90,0xcb7f2a98,3414106263,3414108717,3414108788,3414108798,3414108816,3414108824,0,0,2.454,10,8
2026-02-01T18:54:25.044084Z,0x4f61,0xcb8f5d85,0xcb8f6823,0xcb8f6832,0xcb8f683d,0x0,0x0,0xcb8f6850,0xcb8f6858,3415170437,3415173155,3415173170,3415173181,3415173200,3415173208,0,0,2.718,11,8
2026-02-01T18:54:25.996103Z,0x5532,0xcb9f95cc,0xcb9f9f6e,0xcb9f9fb6,0xcb9f9fbb,0x0,0x0,0xcb9f9fce,0xcb9f9fd6,3416233420,3416235886,3416235958,3416235963,3416235982,3416235990,0,0,2.466,5,8
2026-02-01T18:54:26.959033Z,0x66ee,0xcbafc27b,0xcbafe6bd,0xcbafe6c0,0xcbafe6ce,0x0,0x0,0xcbafe6e1,0xcbafe6ef,3417293435,3417302717,3417302720,3417302734,3417302753,3417302767,0,0,9.282,14,14
2026-02-01T18:54:27.916292Z,0x57d,0xcbc01a57,0xcbc03d19,0xcbc03d62,0xcbc03d70,0x0,0x0,0xcbc03d84,0xcbc03d90,3418364503,3418373401,3418373474,3418373488,3418373508,3418373520,0,0,8.898,14,12
2026-02-01T18:54:29.453401Z,0x1ed5,0xcbd05e7d,0xcbd07205,0xcbd0724d,0xcbd07259,0x0,0x0,0xcbd0726c,0xcbd0727b,3419430525,3419435525,3419435597,3419435609,3419435628,3419435643,0,0,5.0,12,15
2026-02-01T18:54:30.407911Z,0x3dea,0xcbe09341,0xcbe0a57f,0xcbe0a5c7,0xcbe0a5d1,0x0,0x0,0xcbe0a5e4,0xcbe0a5f1,3420492609,3420497279,3420497351,3420497361,3420497380,3420497393,0,0,4.67,10,13
2026-02-01T18:54:31.360058Z,0x63d,0xcbf0c7c4,0xcbf0e0a0,0xcbf0e0e8,0xcbf0e0f2,0x0,0x0,0xcbf0e105,0xcbf0e10f,3421554628,3421560992,3421561064,3421561074,3421561093,3421561103,0,0,6.364,10,10
2026-02-01T18:54:32.321029Z,0x36a5,0xcc010092,0xcc01174f,0xcc011770,0xcc011778,0x0,0x0,0xcc01178b,0xcc011796,3422617746,3422623567,3422623600,3422623608,3422623627,3422623638,0,0,5.821,8,11
2026-02-01T18:54:33.288015Z,0x416c,0xcc113918,0xcc114b7e,0xcc114bc7,0xcc114bce,0x0,0x0,0xcc114be0,0xcc114be8,3423680792,3423685502,3423685575,3423685582,3423685600,3423685608,0,0,4.71,7,8
2026-02-01T18:54:34.827249Z,0x6b31,0xcc216db6,0xcc217e78,0xcc217e7f,0xcc217e87,0x0,0x0,0xcc217e9b,0xcc217ea3,3424742838,3424747128,3424747135,3424747143,3424747163,3424747171,0,0,4.29,8,8
2026-02-01T18:54:35.784129Z,0x6702,0xcc319e96,0xcc31a992,0xcc31a9d9,0xcc31a9e2,0x0,0x0,0xcc31a9f5,0xcc31a9fd,3425803926,3425806738,3425806809,3425806818,3425806837,3425806845,0,0,2.812,9,8
2026-02-01T18:54:36.736159Z,0x6c49,0xcc41d2fe,0xcc41dc62,0xcc41dc6f,0xcc41dc77,0x0,0x0,0xcc41dc8a,0xcc41dc92,3426865918,3426868322,3426868335,3426868343,3426868362,3426868370,0,0,2.404,8,8
2026-02-01T18:54:37.688686Z,0x3344,0xcc52001a,0xcc520b14,0xcc520b5c,0xcc520b64,0x0,0x0,0xcc520b77,0xcc520b7f,3427926042,3427928852,3427928924,3427928932,3427928951,3427928959,0,0,2.81,8,8
2026-02-01T18:54:38.648032Z,0x1a82,0xcc623c65,0xcc62462a,0xcc624672,0xcc62467a,0x0,0x0,0xcc62468c,0xcc624694,3428990053,3428992554,3428992626,3428992634,3428992652,3428992660,0,0,2.501,8,8
2026-02-01T18:54:39.612043Z,0x16f1,0xcc72810a,0xcc7297d0,0xcc7297e0,0xcc7297e8,0x0,0x0,0xcc7297fc,0xcc72980b,3430056202,3430062032,3430062048,3430062056,3430062076,3430062091,0,0,5.83,8,15
2026-02-01T18:54:41.158358Z,0x60e7,0xcc82c103,0xcc82d682,0xcc82d6a7,0xcc82d6b0,0x0,0x0,0xcc82d6c3,0xcc82d6ce,3431121155,3431126658,3431126695,3431126704,3431126723,3431126734,0,0,5.503,9,11
2026-02-01T18:54:42.116010Z,0x2d0b,0xcc92fd62,0xcc930fa2,0xcc930fea,0xcc930ff3,0x0,0x0,0xcc931005,0xcc93100c,3432185186,3432189858,3432189930,3432189939,3432189957,3432189964,0,0,4.672,9,7
2026-02-01T18:54:43.077316Z,0x2b6c,0xcca33242,0xcca342c8,0xcca34310,0xcca3431a,0x0,0x0,0xcca3432d,0xcca34335,3433247298,3433251528,3433251600,3433251610,3433251629,3433251637,0,0,4.23,10,8
2026-02-01T18:54:44.035893Z,0x3a60,0xccb36708,0xccb37e3a,0xccb37e82,0xccb37e8b,0x0,0x0,0xccb37e9d,0xccb37ea6,3434309384,3434315322,3434315394,3434315403,3434315421,3434315430,0,0,5.938,9,9
2026-02-01T18:54:45.001759Z,0xd12,0xccc3a33a,0xccc3b8b8,0xccc3b8e4,0xccc3b8ec,0x0,0x0,0xccc3b8ff,0xccc3b909,3435373370,3435378872,3435378916,3435378924,3435378943,3435378953,0,0,5.502,8,10
2026-02-01T18:54:45.966182Z,0x2ca4,0xccd3ef2c,0xccd3fa02,0xccd3fa44,0xccd3fa4c,0x0,0x0,0xccd3fa5e,0xccd3fa64,3436441388,3436444162,3436444228,3436444236,3436444254,3436444260,0,0,2.774,8,6
2026-02-01T18:54:47.581282Z,0x23b3,0xcce41ff1,0xcce42934,0xcce42937,0xcce42940,0x0,0x0,0xcce42953,0xcce4295c,3437502449,3437504820,3437504823,3437504832,3437504851,3437504860,0,0,2.371,9,9
2026-02-01T18:54:48.535903Z,0x5958,0xccf454d5,0xccf46726,0xccf4676f,0xccf46778,0x0,0x0,0xccf4678c,0xccf46795,3438564565,3438569254,3438569327,3438569336,3438569356,3438569365,0,0,4.689,9,9
2026-02-01T18:54:49.487932Z,0x1e9a,0xcd049128,0xcd04a1bd,0xcd04a1d4,0xcd04a1df,0x0,0x0,0xcd04a1f2,0xcd04a1fc,3439628584,3439632829,3439632852,3439632863,3439632882,3439632892,0,0,4.245,11,10
2026-02-01T18:54:50.447538Z,0x2421,0xcd14c5b8,0xcd14d501,0xcd14d516,0xcd14d51d,0x0,0x0,0xcd14d530,0xcd14d538,3440690616,3440694529,3440694550,3440694557,3440694576,3440694584,0,0,3.913,7,8
2026-02-01T18:54:51.411755Z,0x2dbb,0xcd250a3d,0xcd2517b3,0xcd2517f9,0xcd251802,0x0,0x0,0xcd251815,0xcd25181e,3441756733,3441760179,3441760249,3441760258,3441760277,3441760286,0,0,3.446,9,9
2026-02-01T18:54:52.369648Z,0x423e,0xcd353ed4,0xcd354927,0xcd35493e,0xcd354949,0x0,0x0,0xcd35495b,0xcd354968,3442818772,3442821415,3442821438,3442821449,3442821467,3442821480,0,0,2.643,11,13
2026-02-01T18:54:53.923323Z,0x4e,0xcd456f99,0xcd4579fd,0xcd457a45,0xcd457a52,0x0,0x0,0xcd457a65,0xcd457a71,3443879833,3443882493,3443882565,3443882578,3443882597,3443882609,0,0,2.66,13,12
2026-02-01T18:54:54.880674Z,0x3aaa,0xcd55a7eb,0xcd55b537,0xcd55b57e,0xcd55b585,0x0,0x0,0xcd55b597,0xcd55b5a1,3444942827,3444946231,3444946302,3444946309,3444946327,3444946337,0,0,3.404,7,10
2026-02-01T18:54:55.842339Z,0x5d80,0xcd65e0b0,0xcd65e971,0xcd65e988,0xcd65e992,0x0,0x0,0xcd65e9a5,0xcd65e9af,3446005936,3446008177,3446008200,3446008210,3446008229,3446008239,0,0,2.241,10,10
2026-02-01T18:54:56.797166Z,0x7a8c,0xcd761121,0xcd762405,0xcd76244c,0xcd762457,0x0,0x0,0xcd76246a,0xcd762474,3447066913,3447071749,3447071820,3447071831,3447071850,3447071860,0,0,4.836,11,10
2026-02-01T18:54:57.755973Z,0x6e94,0xcd865952,0xcd866a76,0xcd866abe,0xcd866ac7,0x0,0x0,0xcd866ad9,0xcd866ae3,3448133970,3448138358,3448138430,3448138439,3448138457,3448138467,0,0,4.388,9,10
2026-02-01T18:54:58.717386Z,0x77f9,0xcd969a18,0xcd96a96f,0xcd96a9b8,0xcd96a9c1,0x0,0x0,0xcd96a9d3,0xcd96a9dc,3449199128,3449203055,3449203128,3449203137,3449203155,3449203164,0,0,3.927,9,9
2026-02-01T18:55:00.345469Z,0x727b,0xcda6ce66,0xcda6dc14,0xcda6dc17,0xcda6dc1e,0x0,0x0,0xcda6dc30,0xcda6dc38,3450261094,3450264596,3450264599,3450264606,3450264624,3450264632,0,0,3.502,7,8
2026-02-01T18:55:01.303932Z,0x5573,0xcdb6ff5f,0xcdb716a9,0xcdb716ce,0xcdb716d9,0x0,0x0,0xcdb716ec,0xcdb716f8,3451322207,3451328169,3451328206,3451328217,3451328236,3451328248,0,0,5.962,11,12
2026-02-01T18:55:02.263916Z,0x1bb,0xcdc747b4,0xcdc75daa,0xcdc75df1,0xcdc75df9,0x0,0x0,0xcdc75e0c,0xcdc75e14,3452389300,3452394922,3452394993,3452395001,3452395020,3452395028,0,0,5.622,8,8
2026-02-01T18:55:03.215931Z,0x7a75,0xcdd77fdd,0xcdd78a63,0xcdd78a89,0xcdd78a93,0x0,0x0,0xcdd78aa7,0xcdd78aaf,3453452253,3453454947,3453454985,3453454995,3453455015,3453455023,0,0,2.694,10,8
2026-02-01T18:55:04.168069Z,0x4b52,0xcde7a4da,0xcde7adff,0xcde7ae37,0xcde7ae3f,0x0,0x0,0xcde7ae51,0xcde7ae5b,3454510298,3454512639,3454512695,3454512703,3454512721,3454512731,0,0,2.341,8,10
2026-02-01T18:55:05.125175Z,0x3a2,0xcdf7d9a2,0xcdf7ebcf,0xcdf7ec18,0xcdf7ec21,0x0,0x0,0xcdf7ec34,0xcdf7ec3d,3455572386,3455577039,3455577112,3455577121,3455577140,3455577149,0,0,4.653,9,9
2026-02-01T18:55:06.664917Z,0x6f1d,0xce0821ae,0xce08323b,0xce083245,0xce08324d,0x0,0x0,0xce083260,0xce08326a,3456639406,3456643643,3456643653,3456643661,3456643680,3456643690,0,0,4.237,8,10
2026-02-01T18:55:07.624038Z,0x264e,0xce185a6d,0xce1869a6,0xce1869ef,0xce1869f9,0x0,0x0,0xce186a0b,0xce186a14,3457702509,3457706406,3457706479,3457706489,3457706507,3457706516,0,0,3.897,10,9
2026-02-01T18:55:08.584066Z,0x620c,0xce2892c5,0xce28a05b,0xce28a07c,0xce28a083,0x0,0x0,0xce28a095,0xce28a09c,3458765509,3458768987,3458769020,3458769027,3458769045,3458769052,0,0,3.478,7,7
2026-02-01T18:55:09.535951Z,0x7e76,0xce38c7be,0xce38e159,0xce38e1a0,0xce38e1ab,0x0,0x0,0xce38e1be,0xce38e1ca,3459827646,3459834201,3459834272,3459834283,3459834302,3459834314,0,0,6.555,11,12
2026-02-01T18:55:10.497227Z,0x3b0b,0xce490036,0xce49181d,0xce491827,0xce49182e,0x0,0x0,0xce491840,0xce491849,3460890678,3460896797,3460896807,3460896814,3460896832,3460896841,0,0,6.119,7,9
2026-02-01T18:55:12.034814Z,0x643e,0xce59389d,0xce594437,0xce59447e,0xce594488,0x0,0x0,0xce59449a,0xce5944a2,3461953693,3461956663,3461956734,3461956744,3461956762,3461956770,0,0,2.97,10,8
2026-02-01T18:55:12.988431Z,0x1d,0xce696d88,0xce697787,0xce697799,0xce6977a4,0x0,0x0,0xce6977b6,0xce6977bf,3463015816,3463018375,3463018393,3463018404,3463018422,3463018431,0,0,2.559,11,9
2026-02-01T18:55:13.939888Z,0x4f09,0xce79a200,0xce79b089,0xce79b0d1,0xce79b0db,0x0,0x0,0xce79b0ee,0xce79b0f9,3464077824,3464081545,3464081617,3464081627,3464081646,3464081657,0,0,3.721,10,11
2026-02-01T18:55:14.897782Z,0x73c8,0xce89da7b,0xce89e740,0xce89e762,0xce89e76d,0x0,0x0,0xce89e77f,0xce89e789,3465140859,3465144128,3465144162,3465144173,3465144191,3465144201,0,0,3.269,11,10
2026-02-01T18:55:15.856638Z,0x2209,0xce9a26c4,0xce9a3a0a,0xce9a3a14,0xce9a3a1c,0x0,0x0,0xce9a3a2f,0xce9a3a37,3466208964,3466213898,3466213908,3466213916,3466213935,3466213943,0,0,4.934,8,8
2026-02-01T18:55:16.816071Z,0x2aa7,0xceaa5b3d,0xceaa6d09,0xceaa6d29,0xceaa6d35,0x0,0x0,0xceaa6d47,0xceaa6d4f,3467270973,3467275529,3467275561,3467275573,3467275591,3467275599,0,0,4.556,12,8
2026-02-01T18:55:18.365829Z,0x4f77,0xceba93d5,0xcebaa3b4,0xcebaa3fd,0xcebaa406,0x0,0x0,0xcebaa419,0xcebaa422,3468334037,3468338100,3468338173,3468338182,3468338201,3468338210,0,0,4.063,9,9
2026-02-01T18:55:19.328116Z,0x2c88,0xcecad033,0xcecade5a,0xcecade85,0xcecade8d,0x0,0x0,0xcecade9f,0xcecadea6,3469398067,3469401690,3469401733,3469401741,3469401759,3469401766,0,0,3.623,8,7
2026-02-01T18:55:20.284037Z,0x7e55,0xcedb10ad,0xcedb2ae3,0xcedb2b29,0xcedb2b33,0x0,0x0,0xcedb2b45,0xcedb2b4f,3470463149,3470469859,3470469929,3470469939,3470469957,3470469967,0,0,6.71,10,10
2026-02-01T18:55:21.236203Z,0x3e50,0xceeb4d1c,0xceeb659d,0xceeb65e4,0xceeb65ec,0x0,0x0,0xceeb65ff,0xceeb6608,3471527196,3471533469,3471533540,3471533548,3471533567,3471533576,0,0,6.273,8,9
2026-02-01T18:55:22.195104Z,0x7956,0xcefb8982,0xcefb953f,0xcefb955f,0xcefb9568,0x0,0x0,0xcefb957b,0xcefb9584,3472591234,3472594239,3472594271,3472594280,3472594299,3472594308,0,0,3.005,9,9
2026-02-01T18:55:23.731151Z,0x277,0xcf0bc214,0xcf0bcc69,0xcf0bccb1,0xcf0bccbb,0x0,0x0,0xcf0bcccd,0xcf0bccd6,3473654292,3473656937,3473657009,3473657019,3473657037,3473657046,0,0,2.645,10,9
2026-02-01T18:55:24.686951Z,0x355d,0xcf1bf314,0xcf1c124d,0xcf1c1295,0xcf1c129c,0x0,0x0,0xcf1c12af,0xcf1c12b7,3474715412,3474723405,3474723477,3474723484,3474723503,3474723511,0,0,7.993,7,8
2026-02-01T18:55:25.644424Z,0x506,0xcf2c3732,0xcf2c551d,0xcf2c5563,0xcf2c556c,0x0,0x0,0xcf2c557f,0xcf2c558a,3475781426,3475789085,3475789155,3475789164,3475789183,3475789194,0,0,7.659,9,11
2026-02-01T18:55:26.600038Z,0x519,0xcf3c7f49,0xcf3c93c2,0xcf3c9409,0xcf3c9414,0x0,0x0,0xcf3c9427,0xcf3c9433,3476848457,3476853698,3476853769,3476853780,3476853799,3476853811,0,0,5.241,11,12
2026-02-01T18:55:27.555854Z,0x673c,0xcf4cbc01,0xcf4cce7c,0xcf4cce98,0xcf4ccea1,0x0,0x0,0xcf4cceb3,0xcf4ccebf,3477912577,3477917308,3477917336,3477917345,3477917363,3477917375,0,0,4.731,9,12
2026-02-01T18:55:28.525459Z,0x3057,0xcf5d07d6,0xcf5d2023,0xcf5d2058,0xcf5d2063,0x0,0x0,0xcf5d2076,0xcf5d2081,3478980566,3478986787,3478986840,3478986851,3478986870,3478986881,0,0,6.221,11,11
2026-02-01T18:55:30.073852Z,0x2c6c,0xcf6d540b,0xcf6d6aab,0xcf6d6af4,0xcf6d6b02,0x0,0x0,0xcf6d6b15,0xcf6d6b21,3480048651,3480054443,3480054516,3480054530,3480054549,3480054561,0,0,5.792,14,12
2026-02-01T18:55:31.031888Z,0x7bc7,0xcf7d885b,0xcf7d9a89,0xcf7d9ad1,0xcf7d9ada,0x0,0x0,0xcf7d9aee,0xcf7d9af9,3481110619,3481115273,3481115345,3481115354,3481115374,3481115385,0,0,4.654,9,11
2026-02-01T18:55:31.989554Z,0x1fe4,0xcf8dbd4b,0xcf8dcdc7,0xcf8dce0d,0xcf8dce15,0x0,0x0,0xcf8dce27,0xcf8dce30,3482172747,3482176967,3482177037,3482177045,3482177063,3482177072,0,0,4.22,8,9
2026-02-01T18:55:32.952171Z,0x1932,0xcf9dedc3,0xcf9df6fb,0xcf9df742,0xcf9df74d,0x0,0x0,0xcf9df760,0xcf9df76b,3483233731,3483236091,3483236162,3483236173,3483236192,3483236203,0,0,2.36,11,11
2026-02-01T18:55:33.906965Z,0x6760,0xcfae2a3a,0xcfae3361,0xcfae33a1,0xcfae33ab,0x0,0x0,0xcfae33bd,0xcfae33ca,3484297786,3484300129,3484300193,3484300203,3484300221,3484300234,0,0,2.343,10,13
2026-02-01T18:55:35.448474Z,0x150f,0xcfbe6ac0,0xcfbe75a1,0xcfbe75e8,0xcfbe75f0,0x0,0x0,0xcfbe7603,0xcfbe760d,3485362880,3485365665,3485365736,3485365744,3485365763,3485365773,0,0,2.785,8,10
2026-02-01T18:55:36.404577Z,0x2b7a,0xcfcea74e,0xcfceb068,0xcfceb0a3,0xcfceb0ab,0x0,0x0,0xcfceb0bd,0xcfceb0c5,3486426958,3486429288,3486429347,3486429355,3486429373,3486429381,0,0,2.33,8,8
2026-02-01T18:55:37.356083Z,0x6e1e,0xcfdee3af,0xcfdef7db,0xcfdef823,0xcfdef82e,0x0,0x0,0xcfdef841,0xcfdef849,3487490991,3487496155,3487496227,3487496238,3487496257,3487496265,0,0,5.164,11,8
2026-02-01T18:55:38.308050Z,0x2b5e,0xcfef1ffb,0xcfef3239,0xcfef3261,0xcfef3269,0x0,0x0,0xcfef327b,0xcfef3283,3488555003,3488559673,3488559713,3488559721,3488559739,3488559747,0,0,4.67,8,8
2026-02-01T18:55:39.263991Z,0x54ab,0xcfff5905,0xcfff67ac,0xcfff67f4,0xcfff67fd,0x0,0x0,0xcfff6810,0xcfff6815,3489618181,3489621932,3489622004,3489622013,3489622032,3489622037,0,0,3.751,9,5
2026-02-01T18:55:40.227971Z,0xea1,0xd00f9518,0xd00fa254,0xd00fa29b,0xd00fa2a3,0x0,0x0,0xd00fa2b6,0xd00fa2c0,3490682136,3490685524,3490685595,3490685603,3490685622,3490685632,0,0,3.388,8,10
2026-02-01T18:55:41.846750Z,0x2f3f,0xd01fdd43,0xd01fe8bf,0xd01fe903,0xd01fe90a,0x0,0x0,0xd01fe91d,0xd01fe928,3491749187,3491752127,3491752195,3491752202,3491752221,3491752232,0,0,2.94,7,11
2026-02-01T18:55:42.803768Z,0xf12,0xd0303551,0xd0303f1a,0xd0303f62,0xd0303f68,0x0,0x0,0xd0303f7b,0xd0303f85,3492820305,3492822810,3492822882,3492822888,3492822907,3492822917,0,0,2.505,6,10
2026-02-01T18:55:43.764045Z,0x7d3c,0xd0407589,0xd0407f8f,0xd0407f9b,0xd0407fa5,0x0,0x0,0xd0407fb8,0xd0407fc1,3493885321,3493887887,3493887899,3493887909,3493887928,3493887937,0,0,2.566,10,9
2026-02-01T18:55:44.723134Z,0x54cc,0xd050b60b,0xd050be9d,0xd050bee4,0xd050beec,0x0,0x0,0xd050befe,0xd050bf06,3494950411,3494952605,3494952676,3494952684,3494952702,3494952710,0,0,2.194,8,8
2026-02-01T18:55:45.675939Z,0x1a6d,0xd060fa15,0xd0610c73,0xd0610c85,0xd0610c8e,0x0,0x0,0xd0610ca1,0xd0610ca9,3496016405,3496021107,3496021125,3496021134,3496021153,3496021161,0,0,4.702,9,8
2026-02-01T18:55:46.638918Z,0x26d2,0xd0714631,0xd07156d5,0xd07156fa,0xd0715702,0x0,0x0,0xd0715713,0xd071571c,3497084465,3497088725,3497088762,3497088770,3497088787,3497088796,0,0,4.26,8,9
2026-02-01T18:55:48.179695Z,0x4104,0xd08182a9,0xd0819180,0xd081919e,0xd08191a7,0x0,0x0,0xd08191b9,0xd08191c1,3498148521,3498152320,3498152350,3498152359,3498152377,3498152385,0,0,3.799,9,8
2026-02-01T18:55:49.131900Z,0x4fc2,0xd091b760,0xd091c4cc,0xd091c519,0xd091c521,0x0,0x0,0xd091c534,0xd091c53d,3499210592,3499214028,3499214105,3499214113,3499214132,3499214141,0,0,3.436,8,9
2026-02-01T18:55:50.088819Z,0xb32,0xd0a1e80f,0xd0a2008a,0xd0a200d1,0xd0a200dc,0x0,0x0,0xd0a200ef,0xd0a200fb,3500271631,3500277898,3500277969,3500277980,3500277999,3500278011,0,0,6.267,11,12
2026-02-01T18:55:51.055341Z,0x6ae2,0xd0b21c78,0xd0b23386,0xd0b233ce,0xd0b233d7,0x0,0x0,0xd0b233ea,0xd0b233f3,3501333624,3501339526,3501339598,3501339607,3501339626,3501339635,0,0,5.902,9,9
2026-02-01T18:55:52.011960Z,0x17e4,0xd0c25543,0xd0c267a6,0xd0c267ee,0xd0c267f6,0x0,0x0,0xd0c26808,0xd0c26810,3502396739,3502401446,3502401518,3502401526,3502401544,3502401552,0,0,4.707,8,8
2026-02-01T18:55:52.977360Z,0x1101,0xd0d285c9,0xd0d296cc,0xd0d29715,0xd0d29720,0x0,0x0,0xd0d29733,0xd0d2973e,3503457737,3503462092,3503462165,3503462176,3503462195,3503462206,0,0,4.355,11,11
2026-02-01T18:55:54.597315Z,0x1a19,0xd0e2d625,0xd0e2e125,0xd0e2e16c,0xd0e2e174,0x0,0x0,0xd0e2e187,0xd0e2e190,3504526885,3504529701,3504529772,3504529780,3504529799,3504529808,0,0,2.816,8,9
2026-02-01T18:55:55.557997Z,0x2a13,0xd0f312b6,0xd0f31be3,0xd0f31c2a,0xd0f31c34,0x0,0x0,0xd0f31c47,0xd0f31c51,3505590966,3505593315,3505593386,3505593396,3505593415,3505593425,0,0,2.349,10,10
2026-02-01T18:55:56.520645Z,0x4405,0xd1034f1a,0xd103699b,0xd10369a0,0xd10369aa,0x0,0x0,0xd10369bc,0xd10369c4,3506655002,3506661787,3506661792,3506661802,3506661820,3506661828,0,0,6.785,10,8
2026-02-01T18:55:57.484564Z,0x784f,0xd11396ee,0xd113b07a,0xd113b0c2,0xd113b0cc,0x0,0x0,0xd113b0df,0xd113b0e8,3507721966,3507728506,3507728578,3507728588,3507728607,3507728616,0,0,6.54,10,9
2026-02-01T18:55:58.443927Z,0x3dda,0xd123d7a2,0xd123ebdc,0xd123ec21,0xd123ec28,0x0,0x0,0xd123ec3a,0xd123ec40,3508787106,3508792284,3508792353,3508792360,3508792378,3508792384,0,0,5.178,7,6
2026-02-01T18:55:59.400081Z,0x5cac,0xd1341029,0xd1342314,0xd134235b,0xd1342364,0x0,0x0,0xd1342376,0xd134237d,3509850153,3509854996,3509855067,3509855076,3509855094,3509855101,0,0,4.843,9,7
2026-02-01T18:56:00.945282Z,0x3d63,0xd1444c48,0xd1446aa3,0xd1446aeb,0xd1446af6,0x0,0x0,0xd1446b08,0xd1446b14,3510914120,3510921891,3510921963,3510921974,3510921992,3510922004,0,0,7.771,11,12
2026-02-01T18:56:01.903849Z,0x671c,0xd154a41e,0xd154c0e0,0xd154c113,0xd154c11c,0x0,0x0,0xd154c12f,0xd154c139,3511985182,3511992544,3511992595,3511992604,3511992623,3511992633,0,0,7.362,9,10
2026-02-01T18:56:02.860052Z,0x7fc0,0xd164d4c2,0xd164ed65,0xd164ed71,0xd164ed7a,0x0,0x0,0xd164ed8d,0xd164ed95,3513046210,3513052517,3513052529,3513052538,3513052557,3513052565,0,0,6.307,9,8
2026-02-01T18:56:03.820003Z,0x13ae,0xd1750976,0xd17520ab,0xd17520c3,0xd17520cb,0x0,0x0,0xd17520de,0xd17520e9,3514108278,3514114219,3514114243,3514114251,3514114270,3514114281,0,0,5.941,8,11
2026-02-01T18:56:04.773958Z,0x2d28,0xd1853e57,0xd1854bc3,0xd1854c0b,0xd1854c14,0x0,0x0,0xd1854c27,0xd1854c30,3515170391,3515173827,3515173899,3515173908,3515173927,3515173936,0,0,3.436,9,9
2026-02-01T18:56:06.309195Z,0x5fd6,0xd195769d,0xd1958229,0xd1958260,0xd195826a,0x0,0x0,0xd195827d,0xd1958286,3516233373,3516236329,3516236384,3516236394,3516236413,3516236422,0,0,2.956,10,9
2026-02-01T18:56:07.268362Z,0x397d,0xd1a5b345,0xd1a5bdb3,0xd1a5bdfa,0xd1a5be02,0x0,0x0,0xd1a5be14,0xd1a5be1e,3517297477,3517300147,3517300218,3517300226,3517300244,3517300254,0,0,2.67,8,10
2026-02-01T18:56:08.232044Z,0x1709,0xd1b5f798,0xd1b60028,0xd1b6006e,0xd1b60077,0x0,0x0,0xd1b60089,0xd1b60091,3518363544,3518365736,3518365806,3518365815,3518365833,3518365841,0,0,2.192,9,8
2026-02-01T18:56:09.201179Z,0x1391,0xd1c637a7,0xd1c6492b,0xd1c64973,0xd1c6497b,0x0,0x0,0xd1c6498e,0xd1c64998,3519428519,3519433003,3519433075,3519433083,3519433102,3519433112,0,0,4.484,8,10
2026-02-01T18:56:10.171175Z,0x62cb,0xd1d66c65,0xd1d67c37,0xd1d67c76,0xd1d67c7e,0x0,0x0,0xd1d67c91,0xd1d67c99,3520490597,3520494647,3520494710,3520494718,3520494737,3520494745,0,0,4.05,8,8
2026-02-01T18:56:11.127959Z,0x33c4,0xd1e6a0f0,0xd1e6af22,0xd1e6af31,0xd1e6af39,0x0,0x0,0xd1e6af4b,0xd1e6af53,3521552624,3521556258,3521556273,3521556281,3521556299,3521556307,0,0,3.634,8,8
2026-02-01T18:56:12.669344Z,0x15ef,0xd1f6dd95,0xd1f6ea69,0xd1f6eab0,0xd1f6eab7,0x0,0x0,0xd1f6eac9,0xd1f6ead0,3522616725,3522620009,3522620080,3522620087,3522620105,3522620112,0,0,3.284,7,7
2026-02-01T18:56:13.632229Z,0x41ec,0xd20715fe,0xd2072e2b,0xd2072e73,0xd2072e7e,0x0,0x0,0xd2072e91,0xd2072e9c,3523679742,3523685931,3523686003,3523686014,3523686033,3523686044,0,0,6.189,11,11
2026-02-01T18:56:14.587823Z,0x1feb,0xd2175a5d,0xd21770e4,0xd2177108,0xd2177110,0x0,0x0,0xd2177123,0xd217712c,3524745821,3524751588,3524751624,3524751632,3524751651,3524751660,0,0,5.767,8,9
2026-02-01T18:56:15.547272Z,0x3c70,0xd22796ff,0xd227a1a3,0xd227a1b5,0xd227a1bc,0x0,0x0,0xd227a1cf,0xd227a1d7,3525809919,3525812643,3525812661,3525812668,3525812687,3525812695,0,0,2.724,7,8
2026-02-01T18:56:16.508079Z,0x5a89,0xd237cf77,0xd237d8a3,0xd237d8ea,0xd237d8f1,0x0,0x0,0xd237d904,0xd237d90b,3526872951,3526875299,3526875370,3526875377,3526875396,3526875403,0,0,2.348,7,7
2026-02-01T18:56:18.786806Z,0x1ffa,0xd247fc83,0xd2543002,0xd254300d,0xd254301a,0x0,0x0,0xd254302e,0xd254303b,3527933059,3528732674,3528732685,3528732698,3528732718,3528732731,0,0,799.615,13,13
2026-02-01T18:56:20.410046Z,0x20ad,0xd26447c5,0xd2707b9c,0xd2707be4,0xd2707bf0,0x0,0x0,0xd2707c03,0xd2707c0e,3529787333,3530587036,3530587108,3530587120,3530587139,3530587150,0,0,799.703,12,11
2026-02-01T18:56:21.364060Z,0x4d6f,0xd280aa99,0xd280be99,0xd280bee0,0xd280bee8,0x0,0x0,0xd280befb,0xd280bf06,3531647641,3531652761,3531652832,3531652840,3531652859,3531652870,0,0,5.12,8,11
2026-02-01T18:56:22.324114Z,0x69b3,0xd290e721,0xd290f933,0xd290f97b,0xd290f985,0x0,0x0,0xd290f998,0xd290f9a3,3532711713,3532716339,3532716411,3532716421,3532716440,3532716451,0,0,4.626,10,11
2026-02-01T18:56:23.861229Z,0x7251,0xd2a12b6e,0xd2a14033,0xd2a1407a,0xd2a14082,0x0,0x0,0xd2a14095,0xd2a1409d,3533777774,3533783091,3533783162,3533783170,3533783189,3533783197,0,0,5.317,8,8
2026-02-01T18:56:24.819804Z,0x2680,0xd2b167c4,0xd2b17b6b,0xd2b17b97,0xd2b17b9e,0x0,0x0,0xd2b17bb1,0xd2b17bbc,3534841796,3534846827,3534846871,3534846878,3534846897,3534846908,0,0,5.031,7,11
2026-02-01T18:56:25.779920Z,0x608a,0xd2c1a040,0xd2c1bb95,0xd2c1bbdc,0xd2c1bbe6,0x0,0x0,0xd2c1bbf8,0xd2c1bc04,3535904832,3535911829,3535911900,3535911910,3535911928,3535911940,0,0,6.997,10,12
2026-02-01T18:56:26.735275Z,0x4a0d,0xd2d1d8cc,0xd2d1f268,0xd2d1f2a1,0xd2d1f2a9,0x0,0x0,0xd2d1f2bc,0xd2d1f2c6,3536967884,3536974440,3536974497,3536974505,3536974524,3536974534,0,0,6.556,8,10
2026-02-01T18:56:27.687963Z,0x18c9,0xd2e2292e,0xd2e240fe,0xd2e24145,0xd2e2414f,0x0,0x0,0xd2e24162,0xd2e2416c,3538037038,3538043134,3538043205,3538043215,3538043234,3538043244,0,0,6.096,10,10
2026-02-01T18:56:28.652075Z,0x60c,0xd2f27508,0xd2f28b8d,0xd2f28bd4,0xd2f28bdd,0x0,0x0,0xd2f28bef,0xd2f28bfa,3539105032,3539110797,3539110868,3539110877,3539110895,3539110906,0,0,5.765,9,11
2026-02-01T18:56:30.189661Z,0x5ac9,0xd302ad82,0xd302b859,0xd302b898,0xd302b8a3,0x0,0x0,0xd302b8b6,0xd302b8bf,3540168066,3540170841,3540170904,3540170915,3540170934,3540170943,0,0,2.775,11,9
2026-02-01T18:56:31.159201Z,0x63b3,0xd312da7f,0xd312e3a9,0xd312e3f1,0xd312e3fc,0x0,0x0,0xd312e40f,0xd312e41a,3541228159,3541230505,3541230577,3541230588,3541230607,3541230618,0,0,2.346,11,11
2026-02-01T18:56:32.116033Z,0x60a7,0xd3230f42,0xd3231a72,0xd3231a84,0xd3231a8f,0x0,0x0,0xd3231aa2,0xd3231aac,3542290242,3542293106,3542293124,3542293135,3542293154,3542293164,0,0,2.864,11,10
2026-02-01T18:56:33.077885Z,0x22e8,0xd3336e8b,0xd33377b0,0xd33377f8,0xd3337800,0x0,0x0,0xd3337813,0xd333781a,3543363211,3543365552,3543365624,3543365632,3543365651,3543365658,0,0,2.341,8,7
